SOC,OCV
0,2.5
0.00020004,2.5275
0.00040008,2.5519
0.00060012,2.5737
0.00080016,2.593
0.0010002,2.6104
0.0012002,2.6258
0.0014003,2.6399
0.0016003,2.6527
0.0018004,2.6644
0.0020004,2.6751
0.0022004,2.6852
0.0024005,2.6946
0.0026005,2.7034
0.0028006,2.7117
0.0030006,2.7197
0.0032006,2.7272
0.0034007,2.7345
0.0036007,2.7414
0.0038008,2.7481
0.0040008,2.7546
0.0042008,2.7608
0.0044009,2.7669
0.0046009,2.7728
0.004801,2.7785
0.005001,2.7841
0.005201,2.7896
0.0054011,2.795
0.0056011,2.8002
0.0058012,2.8053
0.0060012,2.8103
0.0062012,2.8153
0.0064013,2.8202
0.0066013,2.8249
0.0068014,2.8296
0.0070014,2.8342
0.0072014,2.8387
0.0074015,2.8432
0.0076015,2.8476
0.0078016,2.8519
0.0080016,2.8562
0.0082016,2.8603
0.0084017,2.8645
0.0086017,2.8686
0.0088018,2.8726
0.0090018,2.8766
0.0092018,2.8805
0.0094019,2.8843
0.0096019,2.8882
0.009802,2.8919
0.010002,2.8956
0.010202,2.8993
0.010402,2.903
0.010602,2.9066
0.010802,2.9101
0.011002,2.9136
0.011202,2.9171
0.011402,2.9205
0.011602,2.9239
0.011802,2.9273
0.012002,2.9306
0.012202,2.9339
0.012402,2.937
0.012603,2.9403
0.012803,2.9435
0.013003,2.9467
0.013203,2.9498
0.013403,2.9529
0.013603,2.9559
0.013803,2.959
0.014003,2.9619
0.014203,2.9649
0.014403,2.9678
0.014603,2.9708
0.014803,2.9736
0.015003,2.9765
0.015203,2.9793
0.015403,2.9821
0.015603,2.9849
0.015803,2.9876
0.016003,2.9903
0.016203,2.993
0.016403,2.9957
0.016603,2.9984
0.016803,3.001
0.017003,3.0036
0.017203,3.0062
0.017403,3.0088
0.017604,3.0113
0.017804,3.0138
0.018004,3.0164
0.018204,3.0188
0.018404,3.0213
0.018604,3.0237
0.018804,3.0261
0.019004,3.0285
0.019204,3.0309
0.019404,3.0333
0.019604,3.0356
0.019804,3.038
0.020004,3.0403
0.020204,3.0426
0.020404,3.0448
0.020604,3.0471
0.020804,3.0493
0.021004,3.0516
0.021204,3.0537
0.021404,3.0559
0.021604,3.0581
0.021804,3.0603
0.022004,3.0624
0.022204,3.0646
0.022404,3.0666
0.022605,3.0688
0.022805,3.0708
0.023005,3.0729
0.023205,3.0749
0.023405,3.077
0.023605,3.079
0.023805,3.081
0.024005,3.083
0.024205,3.085
0.024405,3.0869
0.024605,3.0888
0.024805,3.0908
0.025005,3.0927
0.025205,3.0946
0.025405,3.0965
0.025605,3.0984
0.025805,3.1002
0.026005,3.1021
0.026205,3.1039
0.026405,3.1058
0.026605,3.1076
0.026805,3.1094
0.027005,3.1112
0.027205,3.113
0.027405,3.1147
0.027606,3.1165
0.027806,3.1182
0.028006,3.1199
0.028206,3.1217
0.028406,3.1234
0.028606,3.1251
0.028806,3.1268
0.029006,3.1285
0.029206,3.1302
0.029406,3.1318
0.029606,3.1334
0.029806,3.1351
0.030006,3.1367
0.030206,3.1383
0.030406,3.1399
0.030606,3.1415
0.030806,3.1431
0.031006,3.1446
0.031206,3.1461
0.031406,3.1477
0.031606,3.1492
0.031806,3.1507
0.032006,3.1523
0.032206,3.1537
0.032406,3.1552
0.032607,3.1567
0.032807,3.1582
0.033007,3.1596
0.033207,3.161
0.033407,3.1625
0.033607,3.1638
0.033807,3.1653
0.034007,3.1667
0.034207,3.1681
0.034407,3.1694
0.034607,3.1708
0.034807,3.1722
0.035007,3.1735
0.035207,3.1748
0.035407,3.1761
0.035607,3.1774
0.035807,3.1787
0.036007,3.18
0.036207,3.1813
0.036407,3.1825
0.036607,3.1838
0.036807,3.185
0.037007,3.1862
0.037207,3.1874
0.037407,3.1886
0.037608,3.1898
0.037808,3.1909
0.038008,3.1921
0.038208,3.1932
0.038408,3.1944
0.038608,3.1955
0.038808,3.1966
0.039008,3.1977
0.039208,3.1988
0.039408,3.1998
0.039608,3.2009
0.039808,3.2019
0.040008,3.2029
0.040208,3.2039
0.040408,3.2049
0.040608,3.2059
0.040808,3.2069
0.041008,3.2078
0.041208,3.2088
0.041408,3.2097
0.041608,3.2106
0.041808,3.2115
0.042008,3.2124
0.042208,3.2133
0.042408,3.2142
0.042609,3.215
0.042809,3.2158
0.043009,3.2167
0.043209,3.2175
0.043409,3.2183
0.043609,3.2191
0.043809,3.2199
0.044009,3.2206
0.044209,3.2214
0.044409,3.2221
0.044609,3.2229
0.044809,3.2236
0.045009,3.2243
0.045209,3.225
0.045409,3.2257
0.045609,3.2264
0.045809,3.2271
0.046009,3.2277
0.046209,3.2284
0.046409,3.229
0.046609,3.2297
0.046809,3.2303
0.047009,3.2309
0.047209,3.2315
0.047409,3.2322
0.04761,3.2327
0.04781,3.2333
0.04801,3.2339
0.04821,3.2345
0.04841,3.2351
0.04861,3.2356
0.04881,3.2361
0.04901,3.2367
0.04921,3.2373
0.04941,3.2378
0.04961,3.2383
0.04981,3.2389
0.05001,3.2394
0.05021,3.2399
0.05041,3.2404
0.05061,3.2409
0.05081,3.2414
0.05101,3.2419
0.05121,3.2423
0.05141,3.2429
0.05161,3.2433
0.05181,3.2438
0.05201,3.2442
0.05221,3.2447
0.05241,3.2452
0.052611,3.2456
0.052811,3.246
0.053011,3.2465
0.053211,3.247
0.053411,3.2474
0.053611,3.2478
0.053811,3.2482
0.054011,3.2487
0.054211,3.2491
0.054411,3.2495
0.054611,3.2499
0.054811,3.2503
0.055011,3.2507
0.055211,3.2511
0.055411,3.2515
0.055611,3.2519
0.055811,3.2523
0.056011,3.2527
0.056211,3.2531
0.056411,3.2535
0.056611,3.2538
0.056811,3.2542
0.057011,3.2546
0.057211,3.255
0.057411,3.2553
0.057612,3.2557
0.057812,3.2561
0.058012,3.2564
0.058212,3.2568
0.058412,3.2571
0.058612,3.2575
0.058812,3.2578
0.059012,3.2582
0.059212,3.2585
0.059412,3.2588
0.059612,3.2592
0.059812,3.2595
0.060012,3.2599
0.060212,3.2602
0.060412,3.2605
0.060612,3.2609
0.060812,3.2612
0.061012,3.2615
0.061212,3.2618
0.061412,3.2621
0.061612,3.2625
0.061812,3.2628
0.062012,3.2631
0.062212,3.2634
0.062412,3.2637
0.062613,3.264
0.062813,3.2643
0.063013,3.2646
0.063213,3.2649
0.063413,3.2653
0.063613,3.2656
0.063813,3.2658
0.064013,3.2661
0.064213,3.2665
0.064413,3.2667
0.064613,3.267
0.064813,3.2673
0.065013,3.2676
0.065213,3.2679
0.065413,3.2682
0.065613,3.2685
0.065813,3.2688
0.066013,3.2691
0.066213,3.2693
0.066413,3.2696
0.066613,3.2699
0.066813,3.2702
0.067013,3.2705
0.067213,3.2707
0.067413,3.271
0.067614,3.2713
0.067814,3.2716
0.068014,3.2718
0.068214,3.2722
0.068414,3.2724
0.068614,3.2727
0.068814,3.2729
0.069014,3.2732
0.069214,3.2735
0.069414,3.2738
0.069614,3.274
0.069814,3.2742
0.070014,3.2745
0.070214,3.2748
0.070414,3.2751
0.070614,3.2753
0.070814,3.2755
0.071014,3.2758
0.071214,3.2761
0.071414,3.2764
0.071614,3.2766
0.071814,3.2768
0.072014,3.2771
0.072214,3.2774
0.072414,3.2776
0.072615,3.2779
0.072815,3.2781
0.073015,3.2784
0.073215,3.2786
0.073415,3.2788
0.073615,3.2791
0.073815,3.2793
0.074015,3.2796
0.074215,3.2798
0.074415,3.2801
0.074615,3.2803
0.074815,3.2805
0.075015,3.2808
0.075215,3.281
0.075415,3.2812
0.075615,3.2815
0.075815,3.2818
0.076015,3.282
0.076215,3.2822
0.076415,3.2825
0.076615,3.2827
0.076815,3.283
0.077015,3.2832
0.077215,3.2834
0.077415,3.2836
0.077616,3.2839
0.077816,3.2841
0.078016,3.2843
0.078216,3.2846
0.078416,3.2848
0.078616,3.285
0.078816,3.2853
0.079016,3.2855
0.079216,3.2857
0.079416,3.2859
0.079616,3.2862
0.079816,3.2864
0.080016,3.2866
0.080216,3.2869
0.080416,3.2871
0.080616,3.2873
0.080816,3.2876
0.081016,3.2878
0.081216,3.288
0.081416,3.2882
0.081616,3.2885
0.081816,3.2886
0.082016,3.2889
0.082216,3.2891
0.082416,3.2893
0.082617,3.2895
0.082817,3.2898
0.083017,3.29
0.083217,3.2902
0.083417,3.2904
0.083617,3.2906
0.083817,3.2909
0.084017,3.2911
0.084217,3.2913
0.084417,3.2915
0.084617,3.2917
0.084817,3.2919
0.085017,3.2922
0.085217,3.2924
0.085417,3.2926
0.085617,3.2928
0.085817,3.293
0.086017,3.2932
0.086217,3.2935
0.086417,3.2937
0.086617,3.2939
0.086817,3.2941
0.087017,3.2943
0.087217,3.2945
0.087417,3.2947
0.087618,3.2949
0.087818,3.2952
0.088018,3.2954
0.088218,3.2956
0.088418,3.2958
0.088618,3.296
0.088818,3.2962
0.089018,3.2964
0.089218,3.2966
0.089418,3.2968
0.089618,3.2971
0.089818,3.2973
0.090018,3.2975
0.090218,3.2977
0.090418,3.2979
0.090618,3.2981
0.090818,3.2983
0.091018,3.2985
0.091218,3.2987
0.091418,3.2989
0.091618,3.2991
0.091818,3.2993
0.092018,3.2995
0.092218,3.2998
0.092418,3.3
0.092619,3.3001
0.092819,3.3004
0.093019,3.3006
0.093219,3.3008
0.093419,3.301
0.093619,3.3012
0.093819,3.3014
0.094019,3.3016
0.094219,3.3018
0.094419,3.302
0.094619,3.3022
0.094819,3.3024
0.095019,3.3026
0.095219,3.3028
0.095419,3.303
0.095619,3.3032
0.095819,3.3034
0.096019,3.3036
0.096219,3.3038
0.096419,3.304
0.096619,3.3042
0.096819,3.3044
0.097019,3.3046
0.097219,3.3048
0.097419,3.305
0.09762,3.3052
0.09782,3.3054
0.09802,3.3057
0.09822,3.3058
0.09842,3.306
0.09862,3.3062
0.09882,3.3064
0.09902,3.3066
0.09922,3.3068
0.09942,3.307
0.09962,3.3072
0.09982,3.3074
0.10002,3.3076
0.10022,3.3078
0.10042,3.308
0.10062,3.3082
0.10082,3.3084
0.10102,3.3086
0.10122,3.3088
0.10142,3.309
0.10162,3.3091
0.10182,3.3094
0.10202,3.3096
0.10222,3.3098
0.10242,3.3099
0.10262,3.3101
0.10282,3.3103
0.10302,3.3105
0.10322,3.3107
0.10342,3.3109
0.10362,3.3111
0.10382,3.3113
0.10402,3.3115
0.10422,3.3117
0.10442,3.3119
0.10462,3.3121
0.10482,3.3123
0.10502,3.3125
0.10522,3.3127
0.10542,3.3129
0.10562,3.3131
0.10582,3.3133
0.10602,3.3135
0.10622,3.3136
0.10642,3.3139
0.10662,3.3141
0.10682,3.3143
0.10702,3.3144
0.10722,3.3146
0.10742,3.3148
0.10762,3.315
0.10782,3.3152
0.10802,3.3154
0.10822,3.3156
0.10842,3.3158
0.10862,3.316
0.10882,3.3162
0.10902,3.3164
0.10922,3.3166
0.10942,3.3168
0.10962,3.317
0.10982,3.3171
0.11002,3.3174
0.11022,3.3176
0.11042,3.3177
0.11062,3.318
0.11082,3.3181
0.11102,3.3183
0.11122,3.3185
0.11142,3.3187
0.11162,3.3189
0.11182,3.3191
0.11202,3.3193
0.11222,3.3195
0.11242,3.3197
0.11262,3.3199
0.11282,3.3201
0.11302,3.3203
0.11322,3.3205
0.11342,3.3207
0.11362,3.3209
0.11382,3.3211
0.11402,3.3213
0.11422,3.3215
0.11442,3.3217
0.11462,3.3219
0.11482,3.3221
0.11502,3.3223
0.11522,3.3225
0.11542,3.3227
0.11562,3.3229
0.11582,3.3231
0.11602,3.3233
0.11622,3.3235
0.11642,3.3237
0.11662,3.324
0.11682,3.3241
0.11702,3.3243
0.11722,3.3246
0.11742,3.3248
0.11762,3.325
0.11782,3.3252
0.11802,3.3254
0.11822,3.3256
0.11842,3.3258
0.11862,3.326
0.11882,3.3263
0.11902,3.3265
0.11922,3.3267
0.11942,3.327
0.11962,3.3272
0.11982,3.3274
0.12002,3.3277
0.12022,3.3278
0.12042,3.3281
0.12062,3.3284
0.12082,3.3286
0.12102,3.3288
0.12122,3.329
0.12142,3.3293
0.12162,3.3295
0.12182,3.3297
0.12202,3.3301
0.12222,3.3303
0.12242,3.3305
0.12262,3.3308
0.12282,3.331
0.12302,3.3313
0.12322,3.3316
0.12342,3.3318
0.12362,3.3321
0.12382,3.3324
0.12402,3.3326
0.12422,3.3329
0.12442,3.3332
0.12462,3.3335
0.12482,3.3338
0.12503,3.3341
0.12523,3.3343
0.12543,3.3346
0.12563,3.3349
0.12583,3.3352
0.12603,3.3355
0.12623,3.3358
0.12643,3.3361
0.12663,3.3364
0.12683,3.3367
0.12703,3.3371
0.12723,3.3373
0.12743,3.3377
0.12763,3.338
0.12783,3.3383
0.12803,3.3386
0.12823,3.3389
0.12843,3.3392
0.12863,3.3396
0.12883,3.3399
0.12903,3.3402
0.12923,3.3406
0.12943,3.3409
0.12963,3.3412
0.12983,3.3416
0.13003,3.3419
0.13023,3.3422
0.13043,3.3426
0.13063,3.3429
0.13083,3.3433
0.13103,3.3436
0.13123,3.3439
0.13143,3.3442
0.13163,3.3446
0.13183,3.3449
0.13203,3.3452
0.13223,3.3456
0.13243,3.346
0.13263,3.3463
0.13283,3.3466
0.13303,3.3469
0.13323,3.3473
0.13343,3.3477
0.13363,3.348
0.13383,3.3483
0.13403,3.3486
0.13423,3.349
0.13443,3.3493
0.13463,3.3497
0.13483,3.35
0.13503,3.3503
0.13523,3.3507
0.13543,3.351
0.13563,3.3513
0.13583,3.3517
0.13603,3.352
0.13623,3.3523
0.13643,3.3527
0.13663,3.353
0.13683,3.3534
0.13703,3.3537
0.13723,3.354
0.13743,3.3543
0.13763,3.3547
0.13783,3.355
0.13803,3.3553
0.13823,3.3557
0.13843,3.356
0.13863,3.3563
0.13883,3.3566
0.13903,3.357
0.13923,3.3573
0.13943,3.3576
0.13963,3.358
0.13983,3.3582
0.14003,3.3586
0.14023,3.3589
0.14043,3.3592
0.14063,3.3596
0.14083,3.3598
0.14103,3.3602
0.14123,3.3605
0.14143,3.3608
0.14163,3.3612
0.14183,3.3614
0.14203,3.3617
0.14223,3.3621
0.14243,3.3624
0.14263,3.3627
0.14283,3.363
0.14303,3.3633
0.14323,3.3636
0.14343,3.3639
0.14363,3.3642
0.14383,3.3646
0.14403,3.3649
0.14423,3.3651
0.14443,3.3655
0.14463,3.3658
0.14483,3.3661
0.14503,3.3664
0.14523,3.3667
0.14543,3.367
0.14563,3.3673
0.14583,3.3676
0.14603,3.3679
0.14623,3.3682
0.14643,3.3685
0.14663,3.3688
0.14683,3.3691
0.14703,3.3694
0.14723,3.3697
0.14743,3.3701
0.14763,3.3703
0.14783,3.3706
0.14803,3.3709
0.14823,3.3712
0.14843,3.3715
0.14863,3.3718
0.14883,3.3721
0.14903,3.3724
0.14923,3.3727
0.14943,3.373
0.14963,3.3733
0.14983,3.3736
0.15003,3.3739
0.15023,3.3742
0.15043,3.3745
0.15063,3.3748
0.15083,3.3751
0.15103,3.3754
0.15123,3.3757
0.15143,3.376
0.15163,3.3763
0.15183,3.3767
0.15203,3.3769
0.15223,3.3772
0.15243,3.3776
0.15263,3.3778
0.15283,3.3781
0.15303,3.3784
0.15323,3.3787
0.15343,3.379
0.15363,3.3794
0.15383,3.3797
0.15403,3.3799
0.15423,3.3802
0.15443,3.3806
0.15463,3.3809
0.15483,3.3812
0.15503,3.3815
0.15523,3.3818
0.15543,3.3821
0.15563,3.3824
0.15583,3.3827
0.15603,3.383
0.15623,3.3833
0.15643,3.3836
0.15663,3.384
0.15683,3.3843
0.15703,3.3846
0.15723,3.3849
0.15743,3.3852
0.15763,3.3855
0.15783,3.3858
0.15803,3.3861
0.15823,3.3864
0.15843,3.3867
0.15863,3.387
0.15883,3.3874
0.15903,3.3877
0.15923,3.388
0.15943,3.3883
0.15963,3.3886
0.15983,3.3889
0.16003,3.3892
0.16023,3.3895
0.16043,3.3899
0.16063,3.3902
0.16083,3.3905
0.16103,3.3908
0.16123,3.3912
0.16143,3.3914
0.16163,3.3918
0.16183,3.3921
0.16203,3.3924
0.16223,3.3927
0.16243,3.393
0.16263,3.3933
0.16283,3.3936
0.16303,3.3939
0.16323,3.3942
0.16343,3.3945
0.16363,3.3948
0.16383,3.3951
0.16403,3.3954
0.16423,3.3957
0.16443,3.3961
0.16463,3.3964
0.16483,3.3967
0.16503,3.397
0.16523,3.3973
0.16543,3.3976
0.16563,3.3979
0.16583,3.3982
0.16603,3.3985
0.16623,3.3988
0.16643,3.3991
0.16663,3.3994
0.16683,3.3997
0.16703,3.3999
0.16723,3.4003
0.16743,3.4006
0.16763,3.4009
0.16783,3.4012
0.16803,3.4015
0.16823,3.4017
0.16843,3.4021
0.16863,3.4023
0.16883,3.4026
0.16903,3.4029
0.16923,3.4032
0.16943,3.4035
0.16963,3.4038
0.16983,3.4041
0.17003,3.4044
0.17023,3.4047
0.17043,3.4049
0.17063,3.4052
0.17083,3.4055
0.17103,3.4058
0.17123,3.4061
0.17143,3.4063
0.17163,3.4066
0.17183,3.4069
0.17203,3.4072
0.17223,3.4075
0.17243,3.4078
0.17263,3.408
0.17283,3.4083
0.17303,3.4086
0.17323,3.4089
0.17343,3.4091
0.17363,3.4094
0.17383,3.4097
0.17403,3.4099
0.17423,3.4102
0.17443,3.4105
0.17463,3.4108
0.17483,3.411
0.17504,3.4113
0.17524,3.4116
0.17544,3.4118
0.17564,3.4121
0.17584,3.4124
0.17604,3.4127
0.17624,3.4129
0.17644,3.4132
0.17664,3.4134
0.17684,3.4137
0.17704,3.4139
0.17724,3.4142
0.17744,3.4145
0.17764,3.4148
0.17784,3.415
0.17804,3.4153
0.17824,3.4155
0.17844,3.4158
0.17864,3.4161
0.17884,3.4163
0.17904,3.4166
0.17924,3.4168
0.17944,3.4171
0.17964,3.4173
0.17984,3.4176
0.18004,3.4178
0.18024,3.4181
0.18044,3.4183
0.18064,3.4186
0.18084,3.4188
0.18104,3.4191
0.18124,3.4193
0.18144,3.4196
0.18164,3.4198
0.18184,3.4201
0.18204,3.4203
0.18224,3.4206
0.18244,3.4208
0.18264,3.4211
0.18284,3.4213
0.18304,3.4216
0.18324,3.4218
0.18344,3.422
0.18364,3.4223
0.18384,3.4225
0.18404,3.4228
0.18424,3.423
0.18444,3.4233
0.18464,3.4235
0.18484,3.4238
0.18504,3.424
0.18524,3.4242
0.18544,3.4244
0.18564,3.4247
0.18584,3.4249
0.18604,3.4252
0.18624,3.4255
0.18644,3.4257
0.18664,3.4259
0.18684,3.4262
0.18704,3.4264
0.18724,3.4266
0.18744,3.4269
0.18764,3.4271
0.18784,3.4273
0.18804,3.4276
0.18824,3.4278
0.18844,3.428
0.18864,3.4283
0.18884,3.4285
0.18904,3.4288
0.18924,3.429
0.18944,3.4292
0.18964,3.4295
0.18984,3.4297
0.19004,3.4299
0.19024,3.4302
0.19044,3.4304
0.19064,3.4306
0.19084,3.4308
0.19104,3.4311
0.19124,3.4313
0.19144,3.4316
0.19164,3.4318
0.19184,3.432
0.19204,3.4322
0.19224,3.4324
0.19244,3.4327
0.19264,3.4329
0.19284,3.4331
0.19304,3.4334
0.19324,3.4336
0.19344,3.4339
0.19364,3.4341
0.19384,3.4343
0.19404,3.4345
0.19424,3.4348
0.19444,3.435
0.19464,3.4352
0.19484,3.4354
0.19504,3.4357
0.19524,3.4359
0.19544,3.4361
0.19564,3.4364
0.19584,3.4366
0.19604,3.4368
0.19624,3.437
0.19644,3.4372
0.19664,3.4375
0.19684,3.4377
0.19704,3.4379
0.19724,3.4382
0.19744,3.4384
0.19764,3.4386
0.19784,3.4388
0.19804,3.439
0.19824,3.4393
0.19844,3.4395
0.19864,3.4398
0.19884,3.4399
0.19904,3.4402
0.19924,3.4404
0.19944,3.4406
0.19964,3.4408
0.19984,3.4411
0.20004,3.4413
0.20024,3.4415
0.20044,3.4418
0.20064,3.442
0.20084,3.4422
0.20104,3.4424
0.20124,3.4427
0.20144,3.4429
0.20164,3.4431
0.20184,3.4433
0.20204,3.4436
0.20224,3.4438
0.20244,3.444
0.20264,3.4442
0.20284,3.4444
0.20304,3.4446
0.20324,3.4449
0.20344,3.4451
0.20364,3.4454
0.20384,3.4456
0.20404,3.4458
0.20424,3.446
0.20444,3.4462
0.20464,3.4464
0.20484,3.4467
0.20504,3.4469
0.20524,3.4471
0.20544,3.4473
0.20564,3.4476
0.20584,3.4478
0.20604,3.448
0.20624,3.4482
0.20644,3.4484
0.20664,3.4487
0.20684,3.4489
0.20704,3.4491
0.20724,3.4493
0.20744,3.4495
0.20764,3.4498
0.20784,3.45
0.20804,3.4502
0.20824,3.4505
0.20844,3.4506
0.20864,3.4509
0.20884,3.4511
0.20904,3.4513
0.20924,3.4515
0.20944,3.4517
0.20964,3.452
0.20984,3.4522
0.21004,3.4525
0.21024,3.4526
0.21044,3.4529
0.21064,3.4531
0.21084,3.4533
0.21104,3.4535
0.21124,3.4537
0.21144,3.454
0.21164,3.4542
0.21184,3.4544
0.21204,3.4546
0.21224,3.4548
0.21244,3.4551
0.21264,3.4553
0.21284,3.4555
0.21304,3.4558
0.21324,3.4559
0.21344,3.4561
0.21364,3.4564
0.21384,3.4566
0.21404,3.4568
0.21424,3.4571
0.21444,3.4573
0.21464,3.4574
0.21484,3.4577
0.21504,3.4579
0.21524,3.4581
0.21544,3.4584
0.21564,3.4586
0.21584,3.4587
0.21604,3.459
0.21624,3.4592
0.21644,3.4594
0.21664,3.4597
0.21684,3.4598
0.21704,3.4601
0.21724,3.4603
0.21744,3.4605
0.21764,3.4607
0.21784,3.4609
0.21804,3.4611
0.21824,3.4613
0.21844,3.4616
0.21864,3.4618
0.21884,3.462
0.21904,3.4622
0.21924,3.4624
0.21944,3.4626
0.21964,3.4628
0.21984,3.4631
0.22004,3.4633
0.22024,3.4635
0.22044,3.4637
0.22064,3.4639
0.22084,3.4641
0.22104,3.4643
0.22124,3.4645
0.22144,3.4647
0.22164,3.4649
0.22184,3.4651
0.22204,3.4654
0.22224,3.4655
0.22244,3.4658
0.22264,3.466
0.22284,3.4662
0.22304,3.4664
0.22324,3.4666
0.22344,3.4668
0.22364,3.467
0.22384,3.4672
0.22404,3.4674
0.22424,3.4676
0.22444,3.4679
0.22464,3.468
0.22484,3.4682
0.22505,3.4685
0.22525,3.4687
0.22545,3.4688
0.22565,3.469
0.22585,3.4693
0.22605,3.4694
0.22625,3.4697
0.22645,3.4699
0.22665,3.4701
0.22685,3.4703
0.22705,3.4704
0.22725,3.4707
0.22745,3.4709
0.22765,3.4711
0.22785,3.4712
0.22805,3.4714
0.22825,3.4716
0.22845,3.4718
0.22865,3.472
0.22885,3.4722
0.22905,3.4725
0.22925,3.4726
0.22945,3.4728
0.22965,3.473
0.22985,3.4732
0.23005,3.4734
0.23025,3.4736
0.23045,3.4738
0.23065,3.474
0.23085,3.4742
0.23105,3.4744
0.23125,3.4746
0.23145,3.4748
0.23165,3.475
0.23185,3.4751
0.23205,3.4754
0.23225,3.4755
0.23245,3.4758
0.23265,3.4759
0.23285,3.4761
0.23305,3.4763
0.23325,3.4765
0.23345,3.4767
0.23365,3.4769
0.23385,3.4771
0.23405,3.4772
0.23425,3.4775
0.23445,3.4776
0.23465,3.4778
0.23485,3.478
0.23505,3.4782
0.23525,3.4784
0.23545,3.4786
0.23565,3.4788
0.23585,3.4789
0.23605,3.4791
0.23625,3.4793
0.23645,3.4795
0.23665,3.4797
0.23685,3.4799
0.23705,3.4801
0.23725,3.4802
0.23745,3.4804
0.23765,3.4806
0.23785,3.4808
0.23805,3.481
0.23825,3.4811
0.23845,3.4813
0.23865,3.4815
0.23885,3.4817
0.23905,3.4819
0.23925,3.482
0.23945,3.4822
0.23965,3.4824
0.23985,3.4826
0.24005,3.4827
0.24025,3.4829
0.24045,3.4831
0.24065,3.4833
0.24085,3.4835
0.24105,3.4836
0.24125,3.4838
0.24145,3.484
0.24165,3.4842
0.24185,3.4844
0.24205,3.4845
0.24225,3.4847
0.24245,3.4849
0.24265,3.4851
0.24285,3.4852
0.24305,3.4854
0.24325,3.4856
0.24345,3.4858
0.24365,3.486
0.24385,3.4861
0.24405,3.4863
0.24425,3.4865
0.24445,3.4866
0.24465,3.4868
0.24485,3.487
0.24505,3.4872
0.24525,3.4873
0.24545,3.4875
0.24565,3.4877
0.24585,3.4878
0.24605,3.488
0.24625,3.4882
0.24645,3.4883
0.24665,3.4885
0.24685,3.4887
0.24705,3.4888
0.24725,3.489
0.24745,3.4892
0.24765,3.4894
0.24785,3.4895
0.24805,3.4897
0.24825,3.4899
0.24845,3.49
0.24865,3.4902
0.24885,3.4904
0.24905,3.4905
0.24925,3.4907
0.24945,3.4909
0.24965,3.491
0.24985,3.4912
0.25005,3.4913
0.25025,3.4915
0.25045,3.4917
0.25065,3.4919
0.25085,3.492
0.25105,3.4922
0.25125,3.4923
0.25145,3.4925
0.25165,3.4927
0.25185,3.4928
0.25205,3.493
0.25225,3.4931
0.25245,3.4933
0.25265,3.4935
0.25285,3.4936
0.25305,3.4938
0.25325,3.494
0.25345,3.4942
0.25365,3.4943
0.25385,3.4944
0.25405,3.4946
0.25425,3.4948
0.25445,3.4949
0.25465,3.4951
0.25485,3.4953
0.25505,3.4954
0.25525,3.4956
0.25545,3.4957
0.25565,3.4959
0.25585,3.496
0.25605,3.4962
0.25625,3.4964
0.25645,3.4965
0.25665,3.4966
0.25685,3.4968
0.25705,3.497
0.25725,3.4971
0.25745,3.4973
0.25765,3.4974
0.25785,3.4976
0.25805,3.4978
0.25825,3.4979
0.25845,3.498
0.25865,3.4982
0.25885,3.4984
0.25905,3.4985
0.25925,3.4987
0.25945,3.4988
0.25965,3.499
0.25985,3.4991
0.26005,3.4993
0.26025,3.4995
0.26045,3.4996
0.26065,3.4998
0.26085,3.4999
0.26105,3.5001
0.26125,3.5002
0.26145,3.5004
0.26165,3.5005
0.26185,3.5007
0.26205,3.5008
0.26225,3.501
0.26245,3.5011
0.26265,3.5013
0.26285,3.5015
0.26305,3.5016
0.26325,3.5017
0.26345,3.5019
0.26365,3.502
0.26385,3.5022
0.26405,3.5023
0.26425,3.5025
0.26445,3.5026
0.26465,3.5028
0.26485,3.5029
0.26505,3.503
0.26525,3.5032
0.26545,3.5034
0.26565,3.5035
0.26585,3.5036
0.26605,3.5038
0.26625,3.5039
0.26645,3.5041
0.26665,3.5042
0.26685,3.5044
0.26705,3.5045
0.26725,3.5047
0.26745,3.5048
0.26765,3.5049
0.26785,3.5051
0.26805,3.5052
0.26825,3.5054
0.26845,3.5055
0.26865,3.5057
0.26885,3.5058
0.26905,3.506
0.26925,3.5061
0.26945,3.5062
0.26965,3.5064
0.26985,3.5066
0.27005,3.5067
0.27025,3.5068
0.27045,3.507
0.27065,3.5071
0.27085,3.5073
0.27105,3.5074
0.27125,3.5075
0.27145,3.5077
0.27165,3.5078
0.27185,3.508
0.27205,3.5081
0.27225,3.5082
0.27245,3.5084
0.27265,3.5085
0.27285,3.5087
0.27305,3.5088
0.27325,3.5089
0.27345,3.5091
0.27365,3.5092
0.27385,3.5094
0.27405,3.5095
0.27425,3.5097
0.27445,3.5098
0.27465,3.51
0.27485,3.51
0.27506,3.5102
0.27526,3.5104
0.27546,3.5105
0.27566,3.5107
0.27586,3.5108
0.27606,3.5109
0.27626,3.5111
0.27646,3.5112
0.27666,3.5113
0.27686,3.5115
0.27706,3.5116
0.27726,3.5117
0.27746,3.5119
0.27766,3.512
0.27786,3.5121
0.27806,3.5123
0.27826,3.5125
0.27846,3.5126
0.27866,3.5127
0.27886,3.5129
0.27906,3.513
0.27926,3.5131
0.27946,3.5132
0.27966,3.5134
0.27986,3.5135
0.28006,3.5136
0.28026,3.5138
0.28046,3.5139
0.28066,3.5141
0.28086,3.5142
0.28106,3.5143
0.28126,3.5144
0.28146,3.5146
0.28166,3.5147
0.28186,3.5149
0.28206,3.515
0.28226,3.5151
0.28246,3.5153
0.28266,3.5154
0.28286,3.5155
0.28306,3.5156
0.28326,3.5158
0.28346,3.516
0.28366,3.5161
0.28386,3.5162
0.28406,3.5163
0.28426,3.5165
0.28446,3.5166
0.28466,3.5167
0.28486,3.5169
0.28506,3.517
0.28526,3.5171
0.28546,3.5173
0.28566,3.5174
0.28586,3.5175
0.28606,3.5176
0.28626,3.5178
0.28646,3.5179
0.28666,3.518
0.28686,3.5182
0.28706,3.5183
0.28726,3.5184
0.28746,3.5186
0.28766,3.5187
0.28786,3.5188
0.28806,3.5189
0.28826,3.5191
0.28846,3.5192
0.28866,3.5194
0.28886,3.5195
0.28906,3.5196
0.28926,3.5197
0.28946,3.5199
0.28966,3.52
0.28986,3.5201
0.29006,3.5203
0.29026,3.5204
0.29046,3.5205
0.29066,3.5207
0.29086,3.5207
0.29106,3.5209
0.29126,3.521
0.29146,3.5211
0.29166,3.5213
0.29186,3.5215
0.29206,3.5215
0.29226,3.5217
0.29246,3.5218
0.29266,3.5219
0.29286,3.522
0.29306,3.5221
0.29326,3.5223
0.29346,3.5224
0.29366,3.5226
0.29386,3.5227
0.29406,3.5228
0.29426,3.5229
0.29446,3.5231
0.29466,3.5232
0.29486,3.5233
0.29506,3.5235
0.29526,3.5236
0.29546,3.5237
0.29566,3.5238
0.29586,3.524
0.29606,3.5241
0.29626,3.5242
0.29646,3.5243
0.29666,3.5245
0.29686,3.5246
0.29706,3.5247
0.29726,3.5248
0.29746,3.5249
0.29766,3.5251
0.29786,3.5252
0.29806,3.5253
0.29826,3.5255
0.29846,3.5256
0.29866,3.5257
0.29886,3.5258
0.29906,3.5259
0.29926,3.5261
0.29946,3.5262
0.29966,3.5263
0.29986,3.5265
0.30006,3.5266
0.30026,3.5267
0.30046,3.5268
0.30066,3.527
0.30086,3.5271
0.30106,3.5272
0.30126,3.5273
0.30146,3.5274
0.30166,3.5275
0.30186,3.5277
0.30206,3.5278
0.30226,3.5279
0.30246,3.528
0.30266,3.5282
0.30286,3.5283
0.30306,3.5284
0.30326,3.5285
0.30346,3.5286
0.30366,3.5288
0.30386,3.5289
0.30406,3.529
0.30426,3.5292
0.30446,3.5293
0.30466,3.5294
0.30486,3.5295
0.30506,3.5296
0.30526,3.5297
0.30546,3.5299
0.30566,3.53
0.30586,3.5301
0.30606,3.5302
0.30626,3.5303
0.30646,3.5305
0.30666,3.5306
0.30686,3.5307
0.30706,3.5308
0.30726,3.531
0.30746,3.5311
0.30766,3.5312
0.30786,3.5313
0.30806,3.5314
0.30826,3.5316
0.30846,3.5317
0.30866,3.5318
0.30886,3.5319
0.30906,3.5321
0.30926,3.5322
0.30946,3.5323
0.30966,3.5324
0.30986,3.5325
0.31006,3.5327
0.31026,3.5328
0.31046,3.5329
0.31066,3.533
0.31086,3.5331
0.31106,3.5333
0.31126,3.5334
0.31146,3.5335
0.31166,3.5336
0.31186,3.5337
0.31206,3.5339
0.31226,3.534
0.31246,3.5341
0.31266,3.5342
0.31286,3.5343
0.31306,3.5344
0.31326,3.5345
0.31346,3.5346
0.31366,3.5348
0.31386,3.5349
0.31406,3.535
0.31426,3.5351
0.31446,3.5353
0.31466,3.5354
0.31486,3.5355
0.31506,3.5356
0.31526,3.5357
0.31546,3.5359
0.31566,3.536
0.31586,3.5361
0.31606,3.5362
0.31626,3.5363
0.31646,3.5364
0.31666,3.5366
0.31686,3.5367
0.31706,3.5368
0.31726,3.5369
0.31746,3.537
0.31766,3.5372
0.31786,3.5372
0.31806,3.5374
0.31826,3.5375
0.31846,3.5376
0.31866,3.5377
0.31886,3.5379
0.31906,3.5379
0.31926,3.5381
0.31946,3.5382
0.31966,3.5383
0.31986,3.5384
0.32006,3.5386
0.32026,3.5386
0.32046,3.5388
0.32066,3.5388
0.32086,3.539
0.32106,3.5391
0.32126,3.5392
0.32146,3.5393
0.32166,3.5395
0.32186,3.5396
0.32206,3.5397
0.32226,3.5398
0.32246,3.5399
0.32266,3.54
0.32286,3.5401
0.32306,3.5403
0.32326,3.5404
0.32346,3.5405
0.32366,3.5406
0.32386,3.5407
0.32406,3.5409
0.32426,3.541
0.32446,3.5411
0.32466,3.5412
0.32486,3.5413
0.32507,3.5414
0.32527,3.5415
0.32547,3.5417
0.32567,3.5418
0.32587,3.5419
0.32607,3.542
0.32627,3.5421
0.32647,3.5422
0.32667,3.5423
0.32687,3.5424
0.32707,3.5426
0.32727,3.5427
0.32747,3.5428
0.32767,3.5429
0.32787,3.543
0.32807,3.5431
0.32827,3.5432
0.32847,3.5434
0.32867,3.5435
0.32887,3.5436
0.32907,3.5437
0.32927,3.5438
0.32947,3.5439
0.32967,3.5441
0.32987,3.5442
0.33007,3.5443
0.33027,3.5444
0.33047,3.5445
0.33067,3.5447
0.33087,3.5447
0.33107,3.5448
0.33127,3.545
0.33147,3.5451
0.33167,3.5452
0.33187,3.5453
0.33207,3.5454
0.33227,3.5455
0.33247,3.5456
0.33267,3.5458
0.33287,3.5459
0.33307,3.546
0.33327,3.5461
0.33347,3.5462
0.33367,3.5463
0.33387,3.5464
0.33407,3.5465
0.33427,3.5467
0.33447,3.5467
0.33467,3.5469
0.33487,3.547
0.33507,3.5471
0.33527,3.5472
0.33547,3.5473
0.33567,3.5475
0.33587,3.5475
0.33607,3.5477
0.33627,3.5478
0.33647,3.5479
0.33667,3.548
0.33687,3.5481
0.33707,3.5482
0.33727,3.5483
0.33747,3.5485
0.33767,3.5486
0.33787,3.5487
0.33807,3.5488
0.33827,3.5489
0.33847,3.549
0.33867,3.5491
0.33887,3.5492
0.33907,3.5493
0.33927,3.5495
0.33947,3.5496
0.33967,3.5497
0.33987,3.5498
0.34007,3.5499
0.34027,3.55
0.34047,3.5501
0.34067,3.5503
0.34087,3.5503
0.34107,3.5504
0.34127,3.5506
0.34147,3.5507
0.34167,3.5508
0.34187,3.5509
0.34207,3.551
0.34227,3.5511
0.34247,3.5512
0.34267,3.5514
0.34287,3.5515
0.34307,3.5516
0.34327,3.5517
0.34347,3.5518
0.34367,3.5519
0.34387,3.552
0.34407,3.5521
0.34427,3.5522
0.34447,3.5524
0.34467,3.5524
0.34487,3.5526
0.34507,3.5526
0.34527,3.5528
0.34547,3.5529
0.34567,3.553
0.34587,3.5531
0.34607,3.5532
0.34627,3.5533
0.34647,3.5535
0.34667,3.5536
0.34687,3.5537
0.34707,3.5538
0.34727,3.5539
0.34747,3.554
0.34767,3.5542
0.34787,3.5542
0.34807,3.5544
0.34827,3.5545
0.34847,3.5546
0.34867,3.5547
0.34887,3.5548
0.34907,3.5549
0.34927,3.555
0.34947,3.5551
0.34967,3.5552
0.34987,3.5553
0.35007,3.5554
0.35027,3.5556
0.35047,3.5557
0.35067,3.5558
0.35087,3.5559
0.35107,3.556
0.35127,3.5561
0.35147,3.5562
0.35167,3.5563
0.35187,3.5564
0.35207,3.5566
0.35227,3.5567
0.35247,3.5567
0.35267,3.5569
0.35287,3.557
0.35307,3.5571
0.35327,3.5572
0.35347,3.5573
0.35367,3.5574
0.35387,3.5575
0.35407,3.5576
0.35427,3.5578
0.35447,3.5579
0.35467,3.5579
0.35487,3.5581
0.35507,3.5582
0.35527,3.5583
0.35547,3.5584
0.35567,3.5585
0.35587,3.5586
0.35607,3.5587
0.35627,3.5589
0.35647,3.559
0.35667,3.559
0.35687,3.5592
0.35707,3.5593
0.35727,3.5594
0.35747,3.5595
0.35767,3.5596
0.35787,3.5597
0.35807,3.5598
0.35827,3.5599
0.35847,3.56
0.35867,3.5602
0.35887,3.5603
0.35907,3.5603
0.35927,3.5605
0.35947,3.5606
0.35967,3.5607
0.35987,3.5608
0.36007,3.5609
0.36027,3.561
0.36047,3.5611
0.36067,3.5612
0.36087,3.5614
0.36107,3.5615
0.36127,3.5616
0.36147,3.5617
0.36167,3.5618
0.36187,3.5619
0.36207,3.562
0.36227,3.5621
0.36247,3.5622
0.36267,3.5623
0.36287,3.5624
0.36307,3.5625
0.36327,3.5626
0.36347,3.5628
0.36367,3.5629
0.36387,3.563
0.36407,3.5631
0.36427,3.5632
0.36447,3.5633
0.36467,3.5634
0.36487,3.5635
0.36507,3.5637
0.36527,3.5637
0.36547,3.5639
0.36567,3.564
0.36587,3.5641
0.36607,3.5642
0.36627,3.5643
0.36647,3.5644
0.36667,3.5645
0.36687,3.5646
0.36707,3.5647
0.36727,3.5649
0.36747,3.5649
0.36767,3.5651
0.36787,3.5652
0.36807,3.5653
0.36827,3.5654
0.36847,3.5655
0.36867,3.5656
0.36887,3.5657
0.36907,3.5658
0.36927,3.5659
0.36947,3.566
0.36967,3.5662
0.36987,3.5662
0.37007,3.5664
0.37027,3.5665
0.37047,3.5666
0.37067,3.5667
0.37087,3.5668
0.37107,3.5669
0.37127,3.567
0.37147,3.5671
0.37167,3.5672
0.37187,3.5674
0.37207,3.5675
0.37227,3.5676
0.37247,3.5677
0.37267,3.5678
0.37287,3.5679
0.37307,3.568
0.37327,3.5681
0.37347,3.5682
0.37367,3.5683
0.37387,3.5684
0.37407,3.5686
0.37427,3.5686
0.37447,3.5688
0.37467,3.5689
0.37487,3.569
0.37508,3.5691
0.37528,3.5692
0.37548,3.5693
0.37568,3.5694
0.37588,3.5695
0.37608,3.5696
0.37628,3.5697
0.37648,3.5698
0.37668,3.5699
0.37688,3.5701
0.37708,3.5702
0.37728,3.5703
0.37748,3.5704
0.37768,3.5705
0.37788,3.5706
0.37808,3.5707
0.37828,3.5708
0.37848,3.5709
0.37868,3.571
0.37888,3.5711
0.37908,3.5712
0.37928,3.5714
0.37948,3.5715
0.37968,3.5716
0.37988,3.5717
0.38008,3.5718
0.38028,3.5719
0.38048,3.572
0.38068,3.5721
0.38088,3.5722
0.38108,3.5724
0.38128,3.5724
0.38148,3.5726
0.38168,3.5727
0.38188,3.5728
0.38208,3.5729
0.38228,3.573
0.38248,3.5731
0.38268,3.5732
0.38288,3.5733
0.38308,3.5734
0.38328,3.5735
0.38348,3.5736
0.38368,3.5737
0.38388,3.5739
0.38408,3.574
0.38428,3.5741
0.38448,3.5742
0.38468,3.5743
0.38488,3.5744
0.38508,3.5746
0.38528,3.5746
0.38548,3.5747
0.38568,3.5749
0.38588,3.5749
0.38608,3.5751
0.38628,3.5752
0.38648,3.5753
0.38668,3.5754
0.38688,3.5755
0.38708,3.5756
0.38728,3.5757
0.38748,3.5758
0.38768,3.5759
0.38788,3.576
0.38808,3.5761
0.38828,3.5763
0.38848,3.5764
0.38868,3.5765
0.38888,3.5766
0.38908,3.5767
0.38928,3.5768
0.38948,3.5769
0.38968,3.577
0.38988,3.5771
0.39008,3.5772
0.39028,3.5774
0.39048,3.5775
0.39068,3.5775
0.39088,3.5777
0.39108,3.5778
0.39128,3.5779
0.39148,3.578
0.39168,3.5781
0.39188,3.5782
0.39208,3.5783
0.39228,3.5784
0.39248,3.5785
0.39268,3.5786
0.39288,3.5788
0.39308,3.5789
0.39328,3.579
0.39348,3.5791
0.39368,3.5792
0.39388,3.5793
0.39408,3.5794
0.39428,3.5795
0.39448,3.5796
0.39468,3.5797
0.39488,3.5799
0.39508,3.58
0.39528,3.5801
0.39548,3.5802
0.39568,3.5803
0.39588,3.5804
0.39608,3.5805
0.39628,3.5806
0.39648,3.5807
0.39668,3.5808
0.39688,3.5809
0.39708,3.5811
0.39728,3.5812
0.39748,3.5813
0.39768,3.5814
0.39788,3.5815
0.39808,3.5816
0.39828,3.5817
0.39848,3.5819
0.39868,3.582
0.39888,3.5821
0.39908,3.5822
0.39928,3.5823
0.39948,3.5824
0.39968,3.5825
0.39988,3.5826
0.40008,3.5827
0.40028,3.5828
0.40048,3.5829
0.40068,3.583
0.40088,3.5831
0.40108,3.5832
0.40128,3.5834
0.40148,3.5835
0.40168,3.5836
0.40188,3.5837
0.40208,3.5838
0.40228,3.5839
0.40248,3.5841
0.40268,3.5841
0.40288,3.5843
0.40308,3.5843
0.40328,3.5845
0.40348,3.5845
0.40368,3.5847
0.40388,3.5848
0.40408,3.5849
0.40428,3.585
0.40448,3.5851
0.40468,3.5853
0.40488,3.5853
0.40508,3.5855
0.40528,3.5855
0.40548,3.5857
0.40568,3.5858
0.40588,3.5859
0.40608,3.586
0.40628,3.5861
0.40648,3.5862
0.40668,3.5863
0.40688,3.5865
0.40708,3.5866
0.40728,3.5867
0.40748,3.5868
0.40768,3.5869
0.40788,3.587
0.40808,3.5871
0.40828,3.5872
0.40848,3.5873
0.40868,3.5874
0.40888,3.5876
0.40908,3.5877
0.40928,3.5878
0.40948,3.5879
0.40968,3.588
0.40988,3.5881
0.41008,3.5882
0.41028,3.5883
0.41048,3.5885
0.41068,3.5885
0.41088,3.5887
0.41108,3.5888
0.41128,3.5889
0.41148,3.589
0.41168,3.5891
0.41188,3.5892
0.41208,3.5893
0.41228,3.5894
0.41248,3.5896
0.41268,3.5897
0.41288,3.5898
0.41308,3.5899
0.41328,3.59
0.41348,3.5901
0.41368,3.5902
0.41388,3.5903
0.41408,3.5904
0.41428,3.5905
0.41448,3.5907
0.41468,3.5908
0.41488,3.5909
0.41508,3.591
0.41528,3.5911
0.41548,3.5912
0.41568,3.5913
0.41588,3.5914
0.41608,3.5916
0.41628,3.5917
0.41648,3.5918
0.41668,3.5919
0.41688,3.592
0.41708,3.5921
0.41728,3.5922
0.41748,3.5924
0.41768,3.5925
0.41788,3.5926
0.41808,3.5927
0.41828,3.5928
0.41848,3.5929
0.41868,3.593
0.41888,3.5931
0.41908,3.5932
0.41928,3.5933
0.41948,3.5935
0.41968,3.5936
0.41988,3.5937
0.42008,3.5938
0.42028,3.5939
0.42048,3.594
0.42068,3.5941
0.42088,3.5942
0.42108,3.5944
0.42128,3.5945
0.42148,3.5946
0.42168,3.5947
0.42188,3.5948
0.42208,3.5949
0.42228,3.5951
0.42248,3.5952
0.42268,3.5953
0.42288,3.5954
0.42308,3.5955
0.42328,3.5956
0.42348,3.5957
0.42368,3.5958
0.42388,3.5959
0.42408,3.596
0.42428,3.5962
0.42448,3.5963
0.42468,3.5964
0.42488,3.5965
0.42509,3.5966
0.42529,3.5967
0.42549,3.5968
0.42569,3.597
0.42589,3.5971
0.42609,3.5972
0.42629,3.5973
0.42649,3.5974
0.42669,3.5976
0.42689,3.5976
0.42709,3.5977
0.42729,3.5979
0.42749,3.598
0.42769,3.5981
0.42789,3.5982
0.42809,3.5983
0.42829,3.5984
0.42849,3.5985
0.42869,3.5987
0.42889,3.5987
0.42909,3.5989
0.42929,3.599
0.42949,3.5991
0.42969,3.5992
0.42989,3.5993
0.43009,3.5995
0.43029,3.5996
0.43049,3.5997
0.43069,3.5998
0.43089,3.5999
0.43109,3.6
0.43129,3.6001
0.43149,3.6002
0.43169,3.6003
0.43189,3.6005
0.43209,3.6006
0.43229,3.6007
0.43249,3.6008
0.43269,3.6009
0.43289,3.6011
0.43309,3.6012
0.43329,3.6013
0.43349,3.6014
0.43369,3.6015
0.43389,3.6016
0.43409,3.6017
0.43429,3.6019
0.43449,3.602
0.43469,3.6021
0.43489,3.6022
0.43509,3.6023
0.43529,3.6024
0.43549,3.6025
0.43569,3.6027
0.43589,3.6028
0.43609,3.6029
0.43629,3.603
0.43649,3.6031
0.43669,3.6033
0.43689,3.6034
0.43709,3.6035
0.43729,3.6036
0.43749,3.6037
0.43769,3.6038
0.43789,3.6039
0.43809,3.6041
0.43829,3.6042
0.43849,3.6043
0.43869,3.6044
0.43889,3.6045
0.43909,3.6047
0.43929,3.6048
0.43949,3.6049
0.43969,3.605
0.43989,3.6051
0.44009,3.6052
0.44029,3.6054
0.44049,3.6054
0.44069,3.6056
0.44089,3.6057
0.44109,3.6058
0.44129,3.6059
0.44149,3.606
0.44169,3.6061
0.44189,3.6063
0.44209,3.6064
0.44229,3.6065
0.44249,3.6066
0.44269,3.6067
0.44289,3.6068
0.44309,3.607
0.44329,3.6071
0.44349,3.6072
0.44369,3.6073
0.44389,3.6074
0.44409,3.6076
0.44429,3.6077
0.44449,3.6078
0.44469,3.6079
0.44489,3.608
0.44509,3.6081
0.44529,3.6083
0.44549,3.6084
0.44569,3.6085
0.44589,3.6086
0.44609,3.6087
0.44629,3.6089
0.44649,3.609
0.44669,3.6091
0.44689,3.6092
0.44709,3.6093
0.44729,3.6095
0.44749,3.6096
0.44769,3.6097
0.44789,3.6098
0.44809,3.6099
0.44829,3.61
0.44849,3.6102
0.44869,3.6103
0.44889,3.6104
0.44909,3.6105
0.44929,3.6107
0.44949,3.6108
0.44969,3.6109
0.44989,3.611
0.45009,3.6111
0.45029,3.6112
0.45049,3.6114
0.45069,3.6115
0.45089,3.6116
0.45109,3.6117
0.45129,3.6118
0.45149,3.6119
0.45169,3.6121
0.45189,3.6122
0.45209,3.6123
0.45229,3.6124
0.45249,3.6126
0.45269,3.6127
0.45289,3.6128
0.45309,3.6129
0.45329,3.613
0.45349,3.6132
0.45369,3.6133
0.45389,3.6134
0.45409,3.6135
0.45429,3.6136
0.45449,3.6138
0.45469,3.6139
0.45489,3.614
0.45509,3.6141
0.45529,3.6143
0.45549,3.6144
0.45569,3.6145
0.45589,3.6146
0.45609,3.6147
0.45629,3.6149
0.45649,3.615
0.45669,3.6151
0.45689,3.6152
0.45709,3.6153
0.45729,3.6155
0.45749,3.6156
0.45769,3.6157
0.45789,3.6158
0.45809,3.616
0.45829,3.6161
0.45849,3.6162
0.45869,3.6163
0.45889,3.6165
0.45909,3.6166
0.45929,3.6167
0.45949,3.6168
0.45969,3.617
0.45989,3.6171
0.46009,3.6172
0.46029,3.6173
0.46049,3.6174
0.46069,3.6176
0.46089,3.6177
0.46109,3.6178
0.46129,3.6179
0.46149,3.6181
0.46169,3.6182
0.46189,3.6183
0.46209,3.6184
0.46229,3.6186
0.46249,3.6187
0.46269,3.6188
0.46289,3.6189
0.46309,3.619
0.46329,3.6192
0.46349,3.6193
0.46369,3.6194
0.46389,3.6195
0.46409,3.6197
0.46429,3.6198
0.46449,3.6199
0.46469,3.62
0.46489,3.6202
0.46509,3.6203
0.46529,3.6204
0.46549,3.6206
0.46569,3.6207
0.46589,3.6208
0.46609,3.6209
0.46629,3.621
0.46649,3.6212
0.46669,3.6213
0.46689,3.6214
0.46709,3.6216
0.46729,3.6217
0.46749,3.6218
0.46769,3.6219
0.46789,3.622
0.46809,3.6222
0.46829,3.6223
0.46849,3.6224
0.46869,3.6226
0.46889,3.6227
0.46909,3.6228
0.46929,3.6229
0.46949,3.6231
0.46969,3.6232
0.46989,3.6233
0.47009,3.6234
0.47029,3.6236
0.47049,3.6237
0.47069,3.6238
0.47089,3.624
0.47109,3.6241
0.47129,3.6242
0.47149,3.6244
0.47169,3.6245
0.47189,3.6246
0.47209,3.6247
0.47229,3.6248
0.47249,3.625
0.47269,3.6251
0.47289,3.6252
0.47309,3.6254
0.47329,3.6255
0.47349,3.6256
0.47369,3.6257
0.47389,3.6259
0.47409,3.626
0.47429,3.6261
0.47449,3.6263
0.47469,3.6264
0.47489,3.6266
0.4751,3.6266
0.4753,3.6268
0.4755,3.6269
0.4757,3.6271
0.4759,3.6272
0.4761,3.6273
0.4763,3.6274
0.4765,3.6276
0.4767,3.6277
0.4769,3.6278
0.4771,3.628
0.4773,3.6281
0.4775,3.6282
0.4777,3.6284
0.4779,3.6285
0.4781,3.6286
0.4783,3.6287
0.4785,3.6288
0.4787,3.629
0.4789,3.6291
0.4791,3.6293
0.4793,3.6294
0.4795,3.6295
0.4797,3.6297
0.4799,3.6298
0.4801,3.6299
0.4803,3.6301
0.4805,3.6302
0.4807,3.6303
0.4809,3.6304
0.4811,3.6306
0.4813,3.6307
0.4815,3.6308
0.4817,3.631
0.4819,3.6311
0.4821,3.6312
0.4823,3.6314
0.4825,3.6315
0.4827,3.6316
0.4829,3.6318
0.4831,3.6319
0.4833,3.6321
0.4835,3.6322
0.4837,3.6324
0.4839,3.6325
0.4841,3.6326
0.4843,3.6327
0.4845,3.6329
0.4847,3.633
0.4849,3.6331
0.4851,3.6333
0.4853,3.6334
0.4855,3.6335
0.4857,3.6337
0.4859,3.6338
0.4861,3.6339
0.4863,3.6341
0.4865,3.6342
0.4867,3.6343
0.4869,3.6345
0.4871,3.6346
0.4873,3.6348
0.4875,3.6349
0.4877,3.635
0.4879,3.6352
0.4881,3.6353
0.4883,3.6354
0.4885,3.6356
0.4887,3.6357
0.4889,3.6358
0.4891,3.636
0.4893,3.6361
0.4895,3.6363
0.4897,3.6364
0.4899,3.6365
0.4901,3.6367
0.4903,3.6368
0.4905,3.637
0.4907,3.6371
0.4909,3.6372
0.4911,3.6374
0.4913,3.6375
0.4915,3.6376
0.4917,3.6378
0.4919,3.6379
0.4921,3.638
0.4923,3.6382
0.4925,3.6383
0.4927,3.6385
0.4929,3.6386
0.4931,3.6387
0.4933,3.6389
0.4935,3.639
0.4937,3.6392
0.4939,3.6393
0.4941,3.6395
0.4943,3.6396
0.4945,3.6398
0.4947,3.6399
0.4949,3.64
0.4951,3.6402
0.4953,3.6403
0.4955,3.6404
0.4957,3.6406
0.4959,3.6407
0.4961,3.6408
0.4963,3.641
0.4965,3.6412
0.4967,3.6413
0.4969,3.6414
0.4971,3.6415
0.4973,3.6417
0.4975,3.6419
0.4977,3.642
0.4979,3.6422
0.4981,3.6423
0.4983,3.6424
0.4985,3.6426
0.4987,3.6427
0.4989,3.6429
0.4991,3.643
0.4993,3.6432
0.4995,3.6433
0.4997,3.6434
0.4999,3.6436
0.5001,3.6437
0.5003,3.6439
0.5005,3.644
0.5007,3.6442
0.5009,3.6443
0.5011,3.6445
0.5013,3.6446
0.5015,3.6448
0.5017,3.6449
0.5019,3.645
0.5021,3.6452
0.5023,3.6453
0.5025,3.6454
0.5027,3.6457
0.5029,3.6458
0.5031,3.6459
0.5033,3.6461
0.5035,3.6462
0.5037,3.6463
0.5039,3.6465
0.5041,3.6467
0.5043,3.6468
0.5045,3.6469
0.5047,3.6471
0.5049,3.6473
0.5051,3.6474
0.5053,3.6475
0.5055,3.6477
0.5057,3.6479
0.5059,3.648
0.5061,3.6481
0.5063,3.6483
0.5065,3.6484
0.5067,3.6486
0.5069,3.6487
0.5071,3.6489
0.5073,3.649
0.5075,3.6492
0.5077,3.6493
0.5079,3.6495
0.5081,3.6496
0.5083,3.6498
0.5085,3.6499
0.5087,3.6501
0.5089,3.6502
0.5091,3.6504
0.5093,3.6505
0.5095,3.6507
0.5097,3.6509
0.5099,3.651
0.5101,3.6511
0.5103,3.6513
0.5105,3.6515
0.5107,3.6516
0.5109,3.6517
0.5111,3.6519
0.5113,3.6521
0.5115,3.6522
0.5117,3.6524
0.5119,3.6525
0.5121,3.6527
0.5123,3.6529
0.5125,3.653
0.5127,3.6531
0.5129,3.6533
0.5131,3.6535
0.5133,3.6536
0.5135,3.6538
0.5137,3.6539
0.5139,3.6541
0.5141,3.6542
0.5143,3.6544
0.5145,3.6546
0.5147,3.6547
0.5149,3.6549
0.5151,3.655
0.5153,3.6552
0.5155,3.6554
0.5157,3.6555
0.5159,3.6557
0.5161,3.6558
0.5163,3.656
0.5165,3.6561
0.5167,3.6563
0.5169,3.6565
0.5171,3.6566
0.5173,3.6568
0.5175,3.6569
0.5177,3.6571
0.5179,3.6573
0.5181,3.6574
0.5183,3.6576
0.5185,3.6577
0.5187,3.6579
0.5189,3.6581
0.5191,3.6582
0.5193,3.6584
0.5195,3.6586
0.5197,3.6587
0.5199,3.6589
0.5201,3.6591
0.5203,3.6592
0.5205,3.6594
0.5207,3.6596
0.5209,3.6597
0.5211,3.6599
0.5213,3.6601
0.5215,3.6602
0.5217,3.6604
0.5219,3.6605
0.5221,3.6607
0.5223,3.6609
0.5225,3.661
0.5227,3.6612
0.5229,3.6613
0.5231,3.6616
0.5233,3.6617
0.5235,3.6619
0.5237,3.662
0.5239,3.6622
0.5241,3.6624
0.5243,3.6626
0.5245,3.6627
0.5247,3.6629
0.5249,3.6631
0.52511,3.6633
0.52531,3.6634
0.52551,3.6636
0.52571,3.6637
0.52591,3.6639
0.52611,3.6641
0.52631,3.6643
0.52651,3.6644
0.52671,3.6646
0.52691,3.6648
0.52711,3.665
0.52731,3.6651
0.52751,3.6653
0.52771,3.6655
0.52791,3.6657
0.52811,3.6658
0.52831,3.666
0.52851,3.6662
0.52871,3.6664
0.52891,3.6665
0.52911,3.6667
0.52931,3.6669
0.52951,3.6671
0.52971,3.6673
0.52991,3.6674
0.53011,3.6676
0.53031,3.6678
0.53051,3.668
0.53071,3.6682
0.53091,3.6683
0.53111,3.6685
0.53131,3.6687
0.53151,3.6689
0.53171,3.6691
0.53191,3.6692
0.53211,3.6694
0.53231,3.6696
0.53251,3.6698
0.53271,3.67
0.53291,3.6702
0.53311,3.6703
0.53331,3.6705
0.53351,3.6707
0.53371,3.6709
0.53391,3.6711
0.53411,3.6713
0.53431,3.6714
0.53451,3.6716
0.53471,3.6718
0.53491,3.672
0.53511,3.6722
0.53531,3.6724
0.53551,3.6726
0.53571,3.6727
0.53591,3.6729
0.53611,3.6731
0.53631,3.6733
0.53651,3.6735
0.53671,3.6737
0.53691,3.6739
0.53711,3.6741
0.53731,3.6743
0.53751,3.6745
0.53771,3.6747
0.53791,3.6749
0.53811,3.6751
0.53831,3.6752
0.53851,3.6755
0.53871,3.6757
0.53891,3.6759
0.53911,3.676
0.53931,3.6762
0.53951,3.6764
0.53971,3.6766
0.53991,3.6768
0.54011,3.677
0.54031,3.6772
0.54051,3.6774
0.54071,3.6776
0.54091,3.6778
0.54111,3.678
0.54131,3.6782
0.54151,3.6784
0.54171,3.6786
0.54191,3.6788
0.54211,3.6791
0.54231,3.6792
0.54251,3.6795
0.54271,3.6796
0.54291,3.6799
0.54311,3.6801
0.54331,3.6803
0.54351,3.6805
0.54371,3.6807
0.54391,3.6809
0.54411,3.6811
0.54431,3.6813
0.54451,3.6815
0.54471,3.6818
0.54491,3.682
0.54511,3.6822
0.54531,3.6824
0.54551,3.6826
0.54571,3.6828
0.54591,3.683
0.54611,3.6832
0.54631,3.6835
0.54651,3.6837
0.54671,3.6839
0.54691,3.6841
0.54711,3.6843
0.54731,3.6845
0.54751,3.6848
0.54771,3.685
0.54791,3.6852
0.54811,3.6854
0.54831,3.6856
0.54851,3.6859
0.54871,3.6861
0.54891,3.6863
0.54911,3.6865
0.54931,3.6868
0.54951,3.687
0.54971,3.6872
0.54991,3.6874
0.55011,3.6877
0.55031,3.6879
0.55051,3.6881
0.55071,3.6883
0.55091,3.6886
0.55111,3.6888
0.55131,3.689
0.55151,3.6893
0.55171,3.6895
0.55191,3.6897
0.55211,3.6899
0.55231,3.6902
0.55251,3.6904
0.55271,3.6906
0.55291,3.6909
0.55311,3.6911
0.55331,3.6914
0.55351,3.6916
0.55371,3.6918
0.55391,3.6921
0.55411,3.6923
0.55431,3.6925
0.55451,3.6928
0.55471,3.693
0.55491,3.6932
0.55511,3.6935
0.55531,3.6937
0.55551,3.694
0.55571,3.6942
0.55591,3.6945
0.55611,3.6947
0.55631,3.6949
0.55651,3.6952
0.55671,3.6954
0.55691,3.6957
0.55711,3.6959
0.55731,3.6962
0.55751,3.6964
0.55771,3.6966
0.55791,3.6969
0.55811,3.6971
0.55831,3.6974
0.55851,3.6976
0.55871,3.6979
0.55891,3.6982
0.55911,3.6984
0.55931,3.6986
0.55951,3.6989
0.55971,3.6991
0.55991,3.6994
0.56011,3.6996
0.56031,3.6999
0.56051,3.7001
0.56071,3.7004
0.56091,3.7007
0.56111,3.7009
0.56131,3.7011
0.56151,3.7014
0.56171,3.7016
0.56191,3.7019
0.56211,3.7022
0.56231,3.7024
0.56251,3.7027
0.56271,3.7029
0.56291,3.7032
0.56311,3.7035
0.56331,3.7037
0.56351,3.704
0.56371,3.7042
0.56391,3.7045
0.56411,3.7047
0.56431,3.705
0.56451,3.7052
0.56471,3.7055
0.56491,3.7058
0.56511,3.706
0.56531,3.7063
0.56551,3.7065
0.56571,3.7068
0.56591,3.7071
0.56611,3.7073
0.56631,3.7076
0.56651,3.7078
0.56671,3.7081
0.56691,3.7084
0.56711,3.7086
0.56731,3.7089
0.56751,3.7091
0.56771,3.7094
0.56791,3.7097
0.56811,3.7099
0.56831,3.7102
0.56851,3.7104
0.56871,3.7107
0.56891,3.711
0.56911,3.7112
0.56931,3.7115
0.56951,3.7117
0.56971,3.712
0.56991,3.7122
0.57011,3.7125
0.57031,3.7128
0.57051,3.713
0.57071,3.7133
0.57091,3.7135
0.57111,3.7138
0.57131,3.7141
0.57151,3.7143
0.57171,3.7146
0.57191,3.7148
0.57211,3.7151
0.57231,3.7153
0.57251,3.7156
0.57271,3.7159
0.57291,3.7161
0.57311,3.7164
0.57331,3.7166
0.57351,3.7169
0.57371,3.7171
0.57391,3.7174
0.57411,3.7177
0.57431,3.7179
0.57451,3.7182
0.57471,3.7185
0.57491,3.7187
0.57512,3.719
0.57532,3.7192
0.57552,3.7195
0.57572,3.7197
0.57592,3.72
0.57612,3.7202
0.57632,3.7205
0.57652,3.7207
0.57672,3.721
0.57692,3.7212
0.57712,3.7215
0.57732,3.7217
0.57752,3.722
0.57772,3.7222
0.57792,3.7225
0.57812,3.7227
0.57832,3.723
0.57852,3.7232
0.57872,3.7235
0.57892,3.7237
0.57912,3.724
0.57932,3.7242
0.57952,3.7245
0.57972,3.7247
0.57992,3.725
0.58012,3.7252
0.58032,3.7255
0.58052,3.7257
0.58072,3.7259
0.58092,3.7262
0.58112,3.7265
0.58132,3.7267
0.58152,3.7269
0.58172,3.7272
0.58192,3.7274
0.58212,3.7276
0.58232,3.7279
0.58252,3.7282
0.58272,3.7284
0.58292,3.7286
0.58312,3.7289
0.58332,3.7291
0.58352,3.7293
0.58372,3.7296
0.58392,3.7298
0.58412,3.7301
0.58432,3.7303
0.58452,3.7306
0.58472,3.7308
0.58492,3.731
0.58512,3.7313
0.58532,3.7315
0.58552,3.7317
0.58572,3.732
0.58592,3.7322
0.58612,3.7324
0.58632,3.7327
0.58652,3.7329
0.58672,3.7331
0.58692,3.7334
0.58712,3.7336
0.58732,3.7338
0.58752,3.7341
0.58772,3.7343
0.58792,3.7346
0.58812,3.7347
0.58832,3.735
0.58852,3.7353
0.58872,3.7355
0.58892,3.7357
0.58912,3.7359
0.58932,3.7362
0.58952,3.7364
0.58972,3.7366
0.58992,3.7368
0.59012,3.7371
0.59032,3.7373
0.59052,3.7375
0.59072,3.7378
0.59092,3.738
0.59112,3.7382
0.59132,3.7384
0.59152,3.7387
0.59172,3.7389
0.59192,3.7391
0.59212,3.7393
0.59232,3.7395
0.59252,3.7398
0.59272,3.74
0.59292,3.7402
0.59312,3.7404
0.59332,3.7407
0.59352,3.7409
0.59372,3.7411
0.59392,3.7413
0.59412,3.7416
0.59432,3.7418
0.59452,3.742
0.59472,3.7422
0.59492,3.7424
0.59512,3.7427
0.59532,3.7429
0.59552,3.7431
0.59572,3.7433
0.59592,3.7436
0.59612,3.7438
0.59632,3.744
0.59652,3.7442
0.59672,3.7444
0.59692,3.7446
0.59712,3.7449
0.59732,3.7451
0.59752,3.7453
0.59772,3.7455
0.59792,3.7457
0.59812,3.7459
0.59832,3.7461
0.59852,3.7463
0.59872,3.7466
0.59892,3.7468
0.59912,3.747
0.59932,3.7472
0.59952,3.7474
0.59972,3.7476
0.59992,3.7478
0.60012,3.7481
0.60032,3.7483
0.60052,3.7485
0.60072,3.7487
0.60092,3.7489
0.60112,3.7491
0.60132,3.7493
0.60152,3.7495
0.60172,3.7498
0.60192,3.75
0.60212,3.7502
0.60232,3.7504
0.60252,3.7506
0.60272,3.7508
0.60292,3.751
0.60312,3.7512
0.60332,3.7515
0.60352,3.7516
0.60372,3.7519
0.60392,3.7521
0.60412,3.7523
0.60432,3.7525
0.60452,3.7527
0.60472,3.7529
0.60492,3.7531
0.60512,3.7533
0.60532,3.7535
0.60552,3.7537
0.60572,3.7539
0.60592,3.7542
0.60612,3.7544
0.60632,3.7546
0.60652,3.7548
0.60672,3.755
0.60692,3.7552
0.60712,3.7554
0.60732,3.7556
0.60752,3.7558
0.60772,3.756
0.60792,3.7562
0.60812,3.7564
0.60832,3.7566
0.60852,3.7568
0.60872,3.757
0.60892,3.7572
0.60912,3.7574
0.60932,3.7577
0.60952,3.7578
0.60972,3.7581
0.60992,3.7582
0.61012,3.7585
0.61032,3.7586
0.61052,3.7589
0.61072,3.7591
0.61092,3.7593
0.61112,3.7595
0.61132,3.7597
0.61152,3.7599
0.61172,3.7601
0.61192,3.7602
0.61212,3.7605
0.61232,3.7607
0.61252,3.7608
0.61272,3.761
0.61292,3.7613
0.61312,3.7615
0.61332,3.7616
0.61352,3.7619
0.61372,3.762
0.61392,3.7623
0.61412,3.7625
0.61432,3.7627
0.61452,3.7629
0.61472,3.7631
0.61492,3.7633
0.61512,3.7635
0.61532,3.7636
0.61552,3.7638
0.61572,3.7641
0.61592,3.7642
0.61612,3.7644
0.61632,3.7646
0.61652,3.7648
0.61672,3.7651
0.61692,3.7653
0.61712,3.7655
0.61732,3.7657
0.61752,3.7658
0.61772,3.766
0.61792,3.7662
0.61812,3.7664
0.61832,3.7666
0.61852,3.7668
0.61872,3.767
0.61892,3.7672
0.61912,3.7674
0.61932,3.7676
0.61952,3.7678
0.61972,3.768
0.61992,3.7682
0.62012,3.7684
0.62032,3.7686
0.62052,3.7688
0.62072,3.769
0.62092,3.7692
0.62112,3.7694
0.62132,3.7696
0.62152,3.7697
0.62172,3.77
0.62192,3.7701
0.62212,3.7703
0.62232,3.7705
0.62252,3.7707
0.62272,3.7709
0.62292,3.7711
0.62312,3.7713
0.62332,3.7715
0.62352,3.7717
0.62372,3.7719
0.62392,3.7721
0.62412,3.7723
0.62432,3.7725
0.62452,3.7727
0.62472,3.7728
0.62492,3.773
0.62513,3.7732
0.62533,3.7734
0.62553,3.7736
0.62573,3.7738
0.62593,3.774
0.62613,3.7742
0.62633,3.7744
0.62653,3.7746
0.62673,3.7748
0.62693,3.775
0.62713,3.7752
0.62733,3.7754
0.62753,3.7755
0.62773,3.7757
0.62793,3.7759
0.62813,3.7761
0.62833,3.7763
0.62853,3.7765
0.62873,3.7767
0.62893,3.7769
0.62913,3.7771
0.62933,3.7773
0.62953,3.7775
0.62973,3.7777
0.62993,3.7779
0.63013,3.7781
0.63033,3.7782
0.63053,3.7784
0.63073,3.7786
0.63093,3.7788
0.63113,3.779
0.63133,3.7792
0.63153,3.7794
0.63173,3.7796
0.63193,3.7797
0.63213,3.7799
0.63233,3.7801
0.63253,3.7803
0.63273,3.7805
0.63293,3.7807
0.63313,3.7809
0.63333,3.781
0.63353,3.7813
0.63373,3.7814
0.63393,3.7816
0.63413,3.7818
0.63433,3.782
0.63453,3.7822
0.63473,3.7824
0.63493,3.7826
0.63513,3.7827
0.63533,3.783
0.63553,3.7831
0.63573,3.7834
0.63593,3.7835
0.63613,3.7837
0.63633,3.7839
0.63653,3.7841
0.63673,3.7843
0.63693,3.7845
0.63713,3.7847
0.63733,3.7848
0.63753,3.785
0.63773,3.7852
0.63793,3.7854
0.63813,3.7856
0.63833,3.7858
0.63853,3.7859
0.63873,3.7861
0.63893,3.7863
0.63913,3.7865
0.63933,3.7867
0.63953,3.7869
0.63973,3.787
0.63993,3.7872
0.64013,3.7874
0.64033,3.7876
0.64053,3.7878
0.64073,3.788
0.64093,3.7882
0.64113,3.7883
0.64133,3.7885
0.64153,3.7888
0.64173,3.7889
0.64193,3.7891
0.64213,3.7893
0.64233,3.7895
0.64253,3.7897
0.64273,3.7899
0.64293,3.79
0.64313,3.7902
0.64333,3.7904
0.64353,3.7906
0.64373,3.7908
0.64393,3.791
0.64413,3.7911
0.64433,3.7913
0.64453,3.7915
0.64473,3.7917
0.64493,3.7919
0.64513,3.7921
0.64533,3.7923
0.64553,3.7924
0.64573,3.7926
0.64593,3.7928
0.64613,3.793
0.64633,3.7932
0.64653,3.7933
0.64673,3.7935
0.64693,3.7937
0.64713,3.7939
0.64733,3.7941
0.64753,3.7943
0.64773,3.7944
0.64793,3.7947
0.64813,3.7948
0.64833,3.795
0.64853,3.7952
0.64873,3.7953
0.64893,3.7956
0.64913,3.7958
0.64933,3.7959
0.64953,3.7961
0.64973,3.7963
0.64993,3.7965
0.65013,3.7966
0.65033,3.7968
0.65053,3.797
0.65073,3.7972
0.65093,3.7974
0.65113,3.7976
0.65133,3.7977
0.65153,3.7979
0.65173,3.7981
0.65193,3.7983
0.65213,3.7985
0.65233,3.7987
0.65253,3.7988
0.65273,3.799
0.65293,3.7992
0.65313,3.7994
0.65333,3.7996
0.65353,3.7997
0.65373,3.7999
0.65393,3.8001
0.65413,3.8003
0.65433,3.8005
0.65453,3.8007
0.65473,3.8008
0.65493,3.801
0.65513,3.8012
0.65533,3.8014
0.65553,3.8015
0.65573,3.8017
0.65593,3.8019
0.65613,3.8021
0.65633,3.8022
0.65653,3.8024
0.65673,3.8026
0.65693,3.8028
0.65713,3.803
0.65733,3.8032
0.65753,3.8034
0.65773,3.8035
0.65793,3.8037
0.65813,3.8039
0.65833,3.804
0.65853,3.8042
0.65873,3.8044
0.65893,3.8046
0.65913,3.8048
0.65933,3.805
0.65953,3.8051
0.65973,3.8053
0.65993,3.8055
0.66013,3.8057
0.66033,3.8058
0.66053,3.806
0.66073,3.8062
0.66093,3.8064
0.66113,3.8066
0.66133,3.8068
0.66153,3.8069
0.66173,3.8071
0.66193,3.8073
0.66213,3.8075
0.66233,3.8076
0.66253,3.8078
0.66273,3.808
0.66293,3.8082
0.66313,3.8083
0.66333,3.8085
0.66353,3.8087
0.66373,3.8089
0.66393,3.8091
0.66413,3.8092
0.66433,3.8095
0.66453,3.8096
0.66473,3.8098
0.66493,3.8099
0.66513,3.8101
0.66533,3.8103
0.66553,3.8105
0.66573,3.8106
0.66593,3.8108
0.66613,3.811
0.66633,3.8112
0.66653,3.8114
0.66673,3.8115
0.66693,3.8117
0.66713,3.8119
0.66733,3.8121
0.66753,3.8123
0.66773,3.8124
0.66793,3.8126
0.66813,3.8128
0.66833,3.813
0.66853,3.8131
0.66873,3.8133
0.66893,3.8135
0.66913,3.8137
0.66933,3.8138
0.66953,3.8141
0.66973,3.8142
0.66993,3.8144
0.67013,3.8146
0.67033,3.8148
0.67053,3.8149
0.67073,3.8151
0.67093,3.8153
0.67113,3.8155
0.67133,3.8156
0.67153,3.8158
0.67173,3.816
0.67193,3.8161
0.67213,3.8163
0.67233,3.8165
0.67253,3.8167
0.67273,3.8169
0.67293,3.817
0.67313,3.8172
0.67333,3.8174
0.67353,3.8175
0.67373,3.8177
0.67393,3.8179
0.67413,3.818
0.67433,3.8182
0.67453,3.8184
0.67473,3.8186
0.67493,3.8187
0.67514,3.8189
0.67534,3.8191
0.67554,3.8193
0.67574,3.8194
0.67594,3.8196
0.67614,3.8198
0.67634,3.82
0.67654,3.8201
0.67674,3.8203
0.67694,3.8205
0.67714,3.8207
0.67734,3.8208
0.67754,3.821
0.67774,3.8212
0.67794,3.8213
0.67814,3.8215
0.67834,3.8217
0.67854,3.8218
0.67874,3.822
0.67894,3.8222
0.67914,3.8224
0.67934,3.8225
0.67954,3.8227
0.67974,3.8229
0.67994,3.8231
0.68014,3.8232
0.68034,3.8234
0.68054,3.8236
0.68074,3.8238
0.68094,3.8239
0.68114,3.8241
0.68134,3.8243
0.68154,3.8245
0.68174,3.8246
0.68194,3.8248
0.68214,3.825
0.68234,3.8252
0.68254,3.8253
0.68274,3.8255
0.68294,3.8256
0.68314,3.8259
0.68334,3.826
0.68354,3.8262
0.68374,3.8264
0.68394,3.8265
0.68414,3.8267
0.68434,3.8268
0.68454,3.827
0.68474,3.8272
0.68494,3.8274
0.68514,3.8276
0.68534,3.8277
0.68554,3.8279
0.68574,3.8281
0.68594,3.8282
0.68614,3.8284
0.68634,3.8286
0.68654,3.8287
0.68674,3.8289
0.68694,3.8291
0.68714,3.8293
0.68734,3.8294
0.68754,3.8296
0.68774,3.8297
0.68794,3.8299
0.68814,3.8301
0.68834,3.8302
0.68854,3.8304
0.68874,3.8306
0.68894,3.8308
0.68914,3.8309
0.68934,3.8311
0.68954,3.8313
0.68974,3.8315
0.68994,3.8316
0.69014,3.8318
0.69034,3.8319
0.69054,3.8321
0.69074,3.8323
0.69094,3.8325
0.69114,3.8326
0.69134,3.8328
0.69154,3.833
0.69174,3.8331
0.69194,3.8333
0.69214,3.8335
0.69234,3.8336
0.69254,3.8338
0.69274,3.834
0.69294,3.8341
0.69314,3.8343
0.69334,3.8345
0.69354,3.8347
0.69374,3.8348
0.69394,3.835
0.69414,3.8352
0.69434,3.8353
0.69454,3.8355
0.69474,3.8356
0.69494,3.8358
0.69514,3.836
0.69534,3.8362
0.69554,3.8363
0.69574,3.8365
0.69594,3.8367
0.69614,3.8368
0.69634,3.837
0.69654,3.8372
0.69674,3.8374
0.69694,3.8375
0.69714,3.8377
0.69734,3.8379
0.69754,3.838
0.69774,3.8382
0.69794,3.8383
0.69814,3.8385
0.69834,3.8387
0.69854,3.8388
0.69874,3.839
0.69894,3.8391
0.69914,3.8393
0.69934,3.8395
0.69954,3.8397
0.69974,3.8398
0.69994,3.84
0.70014,3.8401
0.70034,3.8403
0.70054,3.8405
0.70074,3.8406
0.70094,3.8408
0.70114,3.841
0.70134,3.8412
0.70154,3.8413
0.70174,3.8415
0.70194,3.8416
0.70214,3.8418
0.70234,3.842
0.70254,3.8421
0.70274,3.8423
0.70294,3.8425
0.70314,3.8427
0.70334,3.8428
0.70354,3.843
0.70374,3.8432
0.70394,3.8433
0.70414,3.8435
0.70434,3.8437
0.70454,3.8438
0.70474,3.844
0.70494,3.8441
0.70514,3.8443
0.70534,3.8444
0.70554,3.8446
0.70574,3.8448
0.70594,3.845
0.70614,3.8451
0.70634,3.8453
0.70654,3.8455
0.70674,3.8456
0.70694,3.8458
0.70714,3.8459
0.70734,3.8461
0.70754,3.8463
0.70774,3.8465
0.70794,3.8466
0.70814,3.8468
0.70834,3.8469
0.70854,3.8471
0.70874,3.8473
0.70894,3.8474
0.70914,3.8476
0.70934,3.8477
0.70954,3.8479
0.70974,3.8481
0.70994,3.8482
0.71014,3.8484
0.71034,3.8486
0.71054,3.8488
0.71074,3.8489
0.71094,3.849
0.71114,3.8492
0.71134,3.8494
0.71154,3.8496
0.71174,3.8497
0.71194,3.8499
0.71214,3.8501
0.71234,3.8502
0.71254,3.8504
0.71274,3.8505
0.71294,3.8507
0.71314,3.8508
0.71334,3.851
0.71354,3.8512
0.71374,3.8513
0.71394,3.8515
0.71414,3.8517
0.71434,3.8518
0.71454,3.852
0.71474,3.8521
0.71494,3.8523
0.71514,3.8525
0.71534,3.8526
0.71554,3.8528
0.71574,3.853
0.71594,3.8531
0.71614,3.8533
0.71634,3.8535
0.71654,3.8536
0.71674,3.8538
0.71694,3.8539
0.71714,3.8541
0.71734,3.8543
0.71754,3.8544
0.71774,3.8546
0.71794,3.8548
0.71814,3.8549
0.71834,3.855
0.71854,3.8553
0.71874,3.8554
0.71894,3.8556
0.71914,3.8557
0.71934,3.8559
0.71954,3.856
0.71974,3.8562
0.71994,3.8564
0.72014,3.8566
0.72034,3.8567
0.72054,3.8569
0.72074,3.857
0.72094,3.8572
0.72114,3.8573
0.72134,3.8575
0.72154,3.8577
0.72174,3.8578
0.72194,3.858
0.72214,3.8582
0.72234,3.8583
0.72254,3.8585
0.72274,3.8587
0.72294,3.8588
0.72314,3.8589
0.72334,3.8591
0.72354,3.8593
0.72374,3.8595
0.72394,3.8596
0.72414,3.8598
0.72434,3.8599
0.72454,3.8601
0.72474,3.8603
0.72494,3.8604
0.72515,3.8606
0.72535,3.8607
0.72555,3.8609
0.72575,3.8611
0.72595,3.8612
0.72615,3.8614
0.72635,3.8616
0.72655,3.8617
0.72675,3.8619
0.72695,3.862
0.72715,3.8622
0.72735,3.8623
0.72755,3.8625
0.72775,3.8626
0.72795,3.8628
0.72815,3.863
0.72835,3.8631
0.72855,3.8633
0.72875,3.8635
0.72895,3.8636
0.72915,3.8638
0.72935,3.864
0.72955,3.8641
0.72975,3.8643
0.72995,3.8644
0.73015,3.8646
0.73035,3.8647
0.73055,3.8649
0.73075,3.8651
0.73095,3.8653
0.73115,3.8654
0.73135,3.8655
0.73155,3.8657
0.73175,3.8659
0.73195,3.8661
0.73215,3.8662
0.73235,3.8664
0.73255,3.8665
0.73275,3.8667
0.73295,3.8669
0.73315,3.867
0.73335,3.8672
0.73355,3.8673
0.73375,3.8675
0.73395,3.8676
0.73415,3.8678
0.73435,3.868
0.73455,3.8681
0.73475,3.8683
0.73495,3.8685
0.73515,3.8686
0.73535,3.8688
0.73555,3.8689
0.73575,3.8691
0.73595,3.8693
0.73615,3.8694
0.73635,3.8696
0.73655,3.8698
0.73675,3.8699
0.73695,3.8701
0.73715,3.8702
0.73735,3.8704
0.73755,3.8705
0.73775,3.8707
0.73795,3.8709
0.73815,3.871
0.73835,3.8712
0.73855,3.8714
0.73875,3.8715
0.73895,3.8717
0.73915,3.8718
0.73935,3.872
0.73955,3.8722
0.73975,3.8723
0.73995,3.8725
0.74015,3.8726
0.74035,3.8728
0.74055,3.873
0.74075,3.8732
0.74095,3.8733
0.74115,3.8734
0.74135,3.8736
0.74155,3.8738
0.74175,3.8739
0.74195,3.8741
0.74215,3.8742
0.74235,3.8744
0.74255,3.8746
0.74275,3.8747
0.74295,3.8749
0.74315,3.8751
0.74335,3.8752
0.74355,3.8754
0.74375,3.8756
0.74395,3.8757
0.74415,3.8759
0.74435,3.876
0.74455,3.8762
0.74475,3.8764
0.74495,3.8765
0.74515,3.8767
0.74535,3.8768
0.74555,3.877
0.74575,3.8772
0.74595,3.8773
0.74615,3.8775
0.74635,3.8777
0.74655,3.8778
0.74675,3.878
0.74695,3.8782
0.74715,3.8783
0.74735,3.8785
0.74755,3.8786
0.74775,3.8788
0.74795,3.879
0.74815,3.8791
0.74835,3.8793
0.74855,3.8795
0.74875,3.8797
0.74895,3.8798
0.74915,3.8799
0.74935,3.8801
0.74955,3.8803
0.74975,3.8804
0.74995,3.8806
0.75015,3.8808
0.75035,3.8809
0.75055,3.8811
0.75075,3.8813
0.75095,3.8814
0.75115,3.8816
0.75135,3.8817
0.75155,3.8819
0.75175,3.8821
0.75195,3.8822
0.75215,3.8824
0.75235,3.8826
0.75255,3.8827
0.75275,3.8829
0.75295,3.8831
0.75315,3.8832
0.75335,3.8834
0.75355,3.8835
0.75375,3.8837
0.75395,3.8839
0.75415,3.884
0.75435,3.8842
0.75455,3.8843
0.75475,3.8845
0.75495,3.8847
0.75515,3.8848
0.75535,3.885
0.75555,3.8852
0.75575,3.8854
0.75595,3.8855
0.75615,3.8857
0.75635,3.8859
0.75655,3.886
0.75675,3.8862
0.75695,3.8863
0.75715,3.8865
0.75735,3.8867
0.75755,3.8868
0.75775,3.887
0.75795,3.8872
0.75815,3.8873
0.75835,3.8875
0.75855,3.8877
0.75875,3.8879
0.75895,3.888
0.75915,3.8882
0.75935,3.8884
0.75955,3.8885
0.75975,3.8887
0.75995,3.8888
0.76015,3.889
0.76035,3.8892
0.76055,3.8893
0.76075,3.8895
0.76095,3.8897
0.76115,3.8898
0.76135,3.89
0.76155,3.8902
0.76175,3.8903
0.76195,3.8905
0.76215,3.8907
0.76235,3.8908
0.76255,3.891
0.76275,3.8912
0.76295,3.8914
0.76315,3.8915
0.76335,3.8917
0.76355,3.8918
0.76375,3.892
0.76395,3.8922
0.76415,3.8923
0.76435,3.8925
0.76455,3.8927
0.76475,3.8929
0.76495,3.893
0.76515,3.8932
0.76535,3.8934
0.76555,3.8935
0.76575,3.8937
0.76595,3.8939
0.76615,3.894
0.76635,3.8942
0.76655,3.8944
0.76675,3.8945
0.76695,3.8947
0.76715,3.8949
0.76735,3.8951
0.76755,3.8952
0.76775,3.8954
0.76795,3.8956
0.76815,3.8957
0.76835,3.8959
0.76855,3.8961
0.76875,3.8963
0.76895,3.8964
0.76915,3.8966
0.76935,3.8968
0.76955,3.897
0.76975,3.8972
0.76995,3.8973
0.77015,3.8974
0.77035,3.8976
0.77055,3.8978
0.77075,3.898
0.77095,3.8981
0.77115,3.8983
0.77135,3.8985
0.77155,3.8987
0.77175,3.8989
0.77195,3.899
0.77215,3.8992
0.77235,3.8994
0.77255,3.8995
0.77275,3.8997
0.77295,3.8999
0.77315,3.9001
0.77335,3.9002
0.77355,3.9004
0.77375,3.9006
0.77395,3.9007
0.77415,3.9009
0.77435,3.9011
0.77455,3.9013
0.77475,3.9014
0.77495,3.9016
0.77516,3.9018
0.77536,3.902
0.77556,3.9022
0.77576,3.9023
0.77596,3.9025
0.77616,3.9027
0.77636,3.9028
0.77656,3.903
0.77676,3.9032
0.77696,3.9034
0.77716,3.9036
0.77736,3.9037
0.77756,3.9039
0.77776,3.9041
0.77796,3.9043
0.77816,3.9044
0.77836,3.9046
0.77856,3.9048
0.77876,3.905
0.77896,3.9051
0.77916,3.9053
0.77936,3.9055
0.77956,3.9057
0.77976,3.9059
0.77996,3.906
0.78016,3.9062
0.78036,3.9064
0.78056,3.9066
0.78076,3.9068
0.78096,3.9069
0.78116,3.9071
0.78136,3.9073
0.78156,3.9075
0.78176,3.9076
0.78196,3.9078
0.78216,3.908
0.78236,3.9082
0.78256,3.9084
0.78276,3.9085
0.78296,3.9087
0.78316,3.9089
0.78336,3.9091
0.78356,3.9093
0.78376,3.9095
0.78396,3.9097
0.78416,3.9099
0.78436,3.91
0.78456,3.9102
0.78476,3.9104
0.78496,3.9106
0.78516,3.9107
0.78536,3.9109
0.78556,3.9111
0.78576,3.9113
0.78596,3.9115
0.78616,3.9117
0.78636,3.9119
0.78656,3.912
0.78676,3.9122
0.78696,3.9124
0.78716,3.9126
0.78736,3.9128
0.78756,3.913
0.78776,3.9131
0.78796,3.9133
0.78816,3.9135
0.78836,3.9137
0.78856,3.9139
0.78876,3.9141
0.78896,3.9142
0.78916,3.9144
0.78936,3.9146
0.78956,3.9148
0.78976,3.915
0.78996,3.9152
0.79016,3.9153
0.79036,3.9156
0.79056,3.9157
0.79076,3.9159
0.79096,3.9161
0.79116,3.9163
0.79136,3.9165
0.79156,3.9166
0.79176,3.9168
0.79196,3.9171
0.79216,3.9173
0.79236,3.9174
0.79256,3.9176
0.79276,3.9178
0.79296,3.918
0.79316,3.9181
0.79336,3.9184
0.79356,3.9185
0.79376,3.9187
0.79396,3.9189
0.79416,3.9191
0.79436,3.9193
0.79456,3.9195
0.79476,3.9196
0.79496,3.9199
0.79516,3.9201
0.79536,3.9202
0.79556,3.9205
0.79576,3.9206
0.79596,3.9208
0.79616,3.9211
0.79636,3.9212
0.79656,3.9214
0.79676,3.9216
0.79696,3.9218
0.79716,3.922
0.79736,3.9222
0.79756,3.9224
0.79776,3.9226
0.79796,3.9228
0.79816,3.9229
0.79836,3.9231
0.79856,3.9233
0.79876,3.9235
0.79896,3.9237
0.79916,3.9239
0.79936,3.9241
0.79956,3.9243
0.79976,3.9245
0.79996,3.9247
0.80016,3.9249
0.80036,3.9251
0.80056,3.9253
0.80076,3.9255
0.80096,3.9257
0.80116,3.9259
0.80136,3.9261
0.80156,3.9263
0.80176,3.9264
0.80196,3.9266
0.80216,3.9268
0.80236,3.9271
0.80256,3.9273
0.80276,3.9274
0.80296,3.9276
0.80316,3.9278
0.80336,3.928
0.80356,3.9282
0.80376,3.9284
0.80396,3.9286
0.80416,3.9288
0.80436,3.929
0.80456,3.9292
0.80476,3.9294
0.80496,3.9297
0.80516,3.9298
0.80536,3.9301
0.80556,3.9302
0.80576,3.9304
0.80596,3.9306
0.80616,3.9308
0.80636,3.931
0.80656,3.9312
0.80676,3.9314
0.80696,3.9316
0.80716,3.9318
0.80736,3.932
0.80756,3.9322
0.80776,3.9325
0.80796,3.9326
0.80816,3.9329
0.80836,3.933
0.80856,3.9333
0.80876,3.9335
0.80896,3.9337
0.80916,3.9339
0.80936,3.9341
0.80956,3.9343
0.80976,3.9344
0.80996,3.9347
0.81016,3.9349
0.81036,3.9351
0.81056,3.9353
0.81076,3.9355
0.81096,3.9357
0.81116,3.9359
0.81136,3.9361
0.81156,3.9363
0.81176,3.9365
0.81196,3.9367
0.81216,3.9369
0.81236,3.9371
0.81256,3.9373
0.81276,3.9375
0.81296,3.9377
0.81316,3.9379
0.81336,3.9381
0.81356,3.9384
0.81376,3.9386
0.81396,3.9388
0.81416,3.939
0.81436,3.9392
0.81456,3.9394
0.81476,3.9396
0.81496,3.9398
0.81516,3.94
0.81536,3.9403
0.81556,3.9404
0.81576,3.9407
0.81596,3.9409
0.81616,3.9411
0.81636,3.9413
0.81656,3.9415
0.81676,3.9417
0.81696,3.9419
0.81716,3.9421
0.81736,3.9423
0.81756,3.9426
0.81776,3.9428
0.81796,3.943
0.81816,3.9432
0.81836,3.9434
0.81856,3.9436
0.81876,3.9438
0.81896,3.944
0.81916,3.9442
0.81936,3.9444
0.81956,3.9447
0.81976,3.9449
0.81996,3.9451
0.82016,3.9453
0.82036,3.9455
0.82056,3.9457
0.82076,3.9459
0.82096,3.9462
0.82116,3.9464
0.82136,3.9466
0.82156,3.9468
0.82176,3.947
0.82196,3.9472
0.82216,3.9474
0.82236,3.9477
0.82256,3.9479
0.82276,3.9481
0.82296,3.9483
0.82316,3.9485
0.82336,3.9487
0.82356,3.949
0.82376,3.9492
0.82396,3.9494
0.82416,3.9496
0.82436,3.9498
0.82456,3.95
0.82476,3.9503
0.82496,3.9505
0.82517,3.9507
0.82537,3.9509
0.82557,3.9511
0.82577,3.9513
0.82597,3.9516
0.82617,3.9518
0.82637,3.952
0.82657,3.9522
0.82677,3.9524
0.82697,3.9527
0.82717,3.9529
0.82737,3.9531
0.82757,3.9533
0.82777,3.9535
0.82797,3.9537
0.82817,3.954
0.82837,3.9542
0.82857,3.9544
0.82877,3.9546
0.82897,3.9548
0.82917,3.9551
0.82937,3.9553
0.82957,3.9555
0.82977,3.9557
0.82997,3.9559
0.83017,3.9562
0.83037,3.9564
0.83057,3.9566
0.83077,3.9568
0.83097,3.9571
0.83117,3.9573
0.83137,3.9575
0.83157,3.9577
0.83177,3.958
0.83197,3.9582
0.83217,3.9584
0.83237,3.9586
0.83257,3.9588
0.83277,3.9591
0.83297,3.9593
0.83317,3.9595
0.83337,3.9597
0.83357,3.9599
0.83377,3.9602
0.83397,3.9604
0.83417,3.9606
0.83437,3.9608
0.83457,3.9611
0.83477,3.9613
0.83497,3.9615
0.83517,3.9617
0.83537,3.962
0.83557,3.9622
0.83577,3.9624
0.83597,3.9627
0.83617,3.9629
0.83637,3.9631
0.83657,3.9633
0.83677,3.9636
0.83697,3.9638
0.83717,3.964
0.83737,3.9642
0.83757,3.9644
0.83777,3.9647
0.83797,3.9649
0.83817,3.9651
0.83837,3.9653
0.83857,3.9656
0.83877,3.9658
0.83897,3.966
0.83917,3.9662
0.83937,3.9665
0.83957,3.9667
0.83977,3.9669
0.83997,3.9672
0.84017,3.9674
0.84037,3.9676
0.84057,3.9679
0.84077,3.9681
0.84097,3.9683
0.84117,3.9685
0.84137,3.9688
0.84157,3.969
0.84177,3.9692
0.84197,3.9694
0.84217,3.9697
0.84237,3.9699
0.84257,3.9701
0.84277,3.9704
0.84297,3.9706
0.84317,3.9709
0.84337,3.9711
0.84357,3.9713
0.84377,3.9715
0.84397,3.9717
0.84417,3.972
0.84437,3.9722
0.84457,3.9724
0.84477,3.9726
0.84497,3.9729
0.84517,3.9731
0.84537,3.9734
0.84557,3.9736
0.84577,3.9738
0.84597,3.9741
0.84617,3.9743
0.84637,3.9745
0.84657,3.9747
0.84677,3.9749
0.84697,3.9752
0.84717,3.9754
0.84737,3.9756
0.84757,3.9759
0.84777,3.9761
0.84797,3.9764
0.84817,3.9766
0.84837,3.9768
0.84857,3.9771
0.84877,3.9773
0.84897,3.9775
0.84917,3.9777
0.84937,3.978
0.84957,3.9782
0.84977,3.9785
0.84997,3.9787
0.85017,3.9789
0.85037,3.9792
0.85057,3.9794
0.85077,3.9796
0.85097,3.9798
0.85117,3.9801
0.85137,3.9803
0.85157,3.9805
0.85177,3.9808
0.85197,3.981
0.85217,3.9812
0.85237,3.9815
0.85257,3.9817
0.85277,3.9819
0.85297,3.9822
0.85317,3.9824
0.85337,3.9826
0.85357,3.9829
0.85377,3.9831
0.85397,3.9833
0.85417,3.9836
0.85437,3.9838
0.85457,3.984
0.85477,3.9843
0.85497,3.9845
0.85517,3.9847
0.85537,3.985
0.85557,3.9852
0.85577,3.9854
0.85597,3.9857
0.85617,3.9859
0.85637,3.9862
0.85657,3.9864
0.85677,3.9866
0.85697,3.9868
0.85717,3.987
0.85737,3.9873
0.85757,3.9875
0.85777,3.9878
0.85797,3.988
0.85817,3.9882
0.85837,3.9885
0.85857,3.9887
0.85877,3.989
0.85897,3.9892
0.85917,3.9894
0.85937,3.9897
0.85957,3.9899
0.85977,3.9901
0.85997,3.9903
0.86017,3.9906
0.86037,3.9908
0.86057,3.991
0.86077,3.9913
0.86097,3.9915
0.86117,3.9918
0.86137,3.992
0.86157,3.9922
0.86177,3.9925
0.86197,3.9927
0.86217,3.9929
0.86237,3.9931
0.86257,3.9934
0.86277,3.9936
0.86297,3.9938
0.86317,3.9941
0.86337,3.9943
0.86357,3.9945
0.86377,3.9948
0.86397,3.995
0.86417,3.9952
0.86437,3.9955
0.86457,3.9957
0.86477,3.9959
0.86497,3.9962
0.86517,3.9964
0.86537,3.9967
0.86557,3.9969
0.86577,3.9971
0.86597,3.9973
0.86617,3.9976
0.86637,3.9978
0.86657,3.9981
0.86677,3.9983
0.86697,3.9985
0.86717,3.9988
0.86737,3.999
0.86757,3.9992
0.86777,3.9995
0.86797,3.9997
0.86817,3.9999
0.86837,4.0002
0.86857,4.0004
0.86877,4.0006
0.86897,4.0009
0.86917,4.0011
0.86937,4.0013
0.86957,4.0016
0.86977,4.0018
0.86997,4.0021
0.87017,4.0023
0.87037,4.0025
0.87057,4.0028
0.87077,4.003
0.87097,4.0032
0.87117,4.0034
0.87137,4.0037
0.87157,4.0039
0.87177,4.0041
0.87197,4.0044
0.87217,4.0046
0.87237,4.0049
0.87257,4.0051
0.87277,4.0053
0.87297,4.0055
0.87317,4.0058
0.87337,4.006
0.87357,4.0063
0.87377,4.0065
0.87397,4.0067
0.87417,4.0069
0.87437,4.0072
0.87457,4.0074
0.87477,4.0076
0.87497,4.0079
0.87518,4.0081
0.87538,4.0083
0.87558,4.0086
0.87578,4.0088
0.87598,4.009
0.87618,4.0093
0.87638,4.0095
0.87658,4.0097
0.87678,4.01
0.87698,4.0102
0.87718,4.0104
0.87738,4.0107
0.87758,4.0109
0.87778,4.0111
0.87798,4.0113
0.87818,4.0116
0.87838,4.0118
0.87858,4.012
0.87878,4.0123
0.87898,4.0125
0.87918,4.0127
0.87938,4.013
0.87958,4.0132
0.87978,4.0134
0.87998,4.0137
0.88018,4.0139
0.88038,4.0141
0.88058,4.0144
0.88078,4.0146
0.88098,4.0148
0.88118,4.0151
0.88138,4.0153
0.88158,4.0155
0.88178,4.0157
0.88198,4.016
0.88218,4.0162
0.88238,4.0164
0.88258,4.0167
0.88278,4.0169
0.88298,4.0171
0.88318,4.0173
0.88338,4.0176
0.88358,4.0178
0.88378,4.018
0.88398,4.0182
0.88418,4.0185
0.88438,4.0187
0.88458,4.0189
0.88478,4.0192
0.88498,4.0194
0.88518,4.0196
0.88538,4.0198
0.88558,4.0201
0.88578,4.0203
0.88598,4.0205
0.88618,4.0207
0.88638,4.021
0.88658,4.0212
0.88678,4.0214
0.88698,4.0217
0.88718,4.0219
0.88738,4.0221
0.88758,4.0223
0.88778,4.0226
0.88798,4.0228
0.88818,4.023
0.88838,4.0233
0.88858,4.0235
0.88878,4.0237
0.88898,4.0239
0.88918,4.0241
0.88938,4.0243
0.88958,4.0246
0.88978,4.0248
0.88998,4.0251
0.89018,4.0253
0.89038,4.0255
0.89058,4.0258
0.89078,4.026
0.89098,4.0262
0.89118,4.0264
0.89138,4.0266
0.89158,4.0268
0.89178,4.027
0.89198,4.0273
0.89218,4.0275
0.89238,4.0277
0.89258,4.0279
0.89278,4.0282
0.89298,4.0284
0.89318,4.0286
0.89338,4.0288
0.89358,4.0291
0.89378,4.0293
0.89398,4.0295
0.89418,4.0297
0.89438,4.0299
0.89458,4.0301
0.89478,4.0303
0.89498,4.0306
0.89518,4.0308
0.89538,4.031
0.89558,4.0312
0.89578,4.0314
0.89598,4.0317
0.89618,4.0319
0.89638,4.0321
0.89658,4.0323
0.89678,4.0326
0.89698,4.0328
0.89718,4.033
0.89738,4.0332
0.89758,4.0334
0.89778,4.0336
0.89798,4.0339
0.89818,4.0341
0.89838,4.0343
0.89858,4.0345
0.89878,4.0347
0.89898,4.035
0.89918,4.0352
0.89938,4.0354
0.89958,4.0356
0.89978,4.0358
0.89998,4.036
0.90018,4.0362
0.90038,4.0364
0.90058,4.0367
0.90078,4.0369
0.90098,4.0371
0.90118,4.0373
0.90138,4.0375
0.90158,4.0377
0.90178,4.038
0.90198,4.0382
0.90218,4.0384
0.90238,4.0386
0.90258,4.0388
0.90278,4.039
0.90298,4.0392
0.90318,4.0394
0.90338,4.0396
0.90358,4.0399
0.90378,4.0401
0.90398,4.0403
0.90418,4.0404
0.90438,4.0407
0.90458,4.0409
0.90478,4.0411
0.90498,4.0413
0.90518,4.0415
0.90538,4.0417
0.90558,4.0419
0.90578,4.0422
0.90598,4.0423
0.90618,4.0425
0.90638,4.0428
0.90658,4.043
0.90678,4.0432
0.90698,4.0434
0.90718,4.0436
0.90738,4.0438
0.90758,4.044
0.90778,4.0442
0.90798,4.0444
0.90818,4.0447
0.90838,4.0448
0.90858,4.045
0.90878,4.0452
0.90898,4.0454
0.90918,4.0456
0.90938,4.0458
0.90958,4.046
0.90978,4.0462
0.90998,4.0464
0.91018,4.0466
0.91038,4.0468
0.91058,4.047
0.91078,4.0472
0.91098,4.0474
0.91118,4.0477
0.91138,4.0479
0.91158,4.048
0.91178,4.0482
0.91198,4.0484
0.91218,4.0486
0.91238,4.0488
0.91258,4.049
0.91278,4.0492
0.91298,4.0494
0.91318,4.0496
0.91338,4.0498
0.91358,4.05
0.91378,4.0502
0.91398,4.0504
0.91418,4.0506
0.91438,4.0508
0.91458,4.051
0.91478,4.0511
0.91498,4.0513
0.91518,4.0516
0.91538,4.0518
0.91558,4.0519
0.91578,4.0521
0.91598,4.0523
0.91618,4.0525
0.91638,4.0527
0.91658,4.0529
0.91678,4.0531
0.91698,4.0533
0.91718,4.0535
0.91738,4.0537
0.91758,4.0538
0.91778,4.054
0.91798,4.0542
0.91818,4.0544
0.91838,4.0546
0.91858,4.0548
0.91878,4.055
0.91898,4.0552
0.91918,4.0554
0.91938,4.0555
0.91958,4.0557
0.91978,4.0559
0.91998,4.0561
0.92018,4.0563
0.92038,4.0565
0.92058,4.0566
0.92078,4.0568
0.92098,4.057
0.92118,4.0573
0.92138,4.0574
0.92158,4.0575
0.92178,4.0578
0.92198,4.0579
0.92218,4.0581
0.92238,4.0583
0.92258,4.0585
0.92278,4.0587
0.92298,4.0588
0.92318,4.059
0.92338,4.0592
0.92358,4.0594
0.92378,4.0596
0.92398,4.0598
0.92418,4.06
0.92438,4.0601
0.92458,4.0603
0.92478,4.0605
0.92498,4.0606
0.92519,4.0608
0.92539,4.0611
0.92559,4.0612
0.92579,4.0614
0.92599,4.0615
0.92619,4.0617
0.92639,4.0619
0.92659,4.0621
0.92679,4.0622
0.92699,4.0624
0.92719,4.0626
0.92739,4.0628
0.92759,4.063
0.92779,4.0631
0.92799,4.0633
0.92819,4.0635
0.92839,4.0637
0.92859,4.0638
0.92879,4.064
0.92899,4.0642
0.92919,4.0644
0.92939,4.0645
0.92959,4.0647
0.92979,4.0649
0.92999,4.065
0.93019,4.0652
0.93039,4.0654
0.93059,4.0656
0.93079,4.0658
0.93099,4.0659
0.93119,4.0661
0.93139,4.0663
0.93159,4.0665
0.93179,4.0666
0.93199,4.0668
0.93219,4.067
0.93239,4.0671
0.93259,4.0673
0.93279,4.0675
0.93299,4.0676
0.93319,4.0678
0.93339,4.068
0.93359,4.0682
0.93379,4.0683
0.93399,4.0685
0.93419,4.0687
0.93439,4.0689
0.93459,4.069
0.93479,4.0692
0.93499,4.0694
0.93519,4.0695
0.93539,4.0697
0.93559,4.0699
0.93579,4.0701
0.93599,4.0702
0.93619,4.0704
0.93639,4.0706
0.93659,4.0707
0.93679,4.0709
0.93699,4.0711
0.93719,4.0713
0.93739,4.0714
0.93759,4.0716
0.93779,4.0718
0.93799,4.0719
0.93819,4.0721
0.93839,4.0723
0.93859,4.0725
0.93879,4.0726
0.93899,4.0728
0.93919,4.073
0.93939,4.0732
0.93959,4.0733
0.93979,4.0735
0.93999,4.0737
0.94019,4.0738
0.94039,4.074
0.94059,4.0741
0.94079,4.0744
0.94099,4.0745
0.94119,4.0747
0.94139,4.0749
0.94159,4.075
0.94179,4.0752
0.94199,4.0754
0.94219,4.0755
0.94239,4.0757
0.94259,4.0759
0.94279,4.0761
0.94299,4.0763
0.94319,4.0764
0.94339,4.0766
0.94359,4.0768
0.94379,4.0769
0.94399,4.0771
0.94419,4.0773
0.94439,4.0775
0.94459,4.0777
0.94479,4.0778
0.94499,4.078
0.94519,4.0782
0.94539,4.0783
0.94559,4.0785
0.94579,4.0787
0.94599,4.0789
0.94619,4.0791
0.94639,4.0792
0.94659,4.0794
0.94679,4.0796
0.94699,4.0798
0.94719,4.08
0.94739,4.0801
0.94759,4.0803
0.94779,4.0805
0.94799,4.0807
0.94819,4.0809
0.94839,4.081
0.94859,4.0812
0.94879,4.0814
0.94899,4.0816
0.94919,4.0818
0.94939,4.0819
0.94959,4.0821
0.94979,4.0823
0.94999,4.0824
0.95019,4.0826
0.95039,4.0828
0.95059,4.083
0.95079,4.0832
0.95099,4.0834
0.95119,4.0836
0.95139,4.0837
0.95159,4.0839
0.95179,4.0841
0.95199,4.0843
0.95219,4.0845
0.95239,4.0847
0.95259,4.0849
0.95279,4.085
0.95299,4.0852
0.95319,4.0854
0.95339,4.0856
0.95359,4.0858
0.95379,4.086
0.95399,4.0862
0.95419,4.0864
0.95439,4.0866
0.95459,4.0868
0.95479,4.0869
0.95499,4.0871
0.95519,4.0873
0.95539,4.0875
0.95559,4.0877
0.95579,4.0879
0.95599,4.0881
0.95619,4.0883
0.95639,4.0885
0.95659,4.0886
0.95679,4.0889
0.95699,4.0891
0.95719,4.0893
0.95739,4.0894
0.95759,4.0896
0.95779,4.0899
0.95799,4.0901
0.95819,4.0903
0.95839,4.0904
0.95859,4.0907
0.95879,4.0908
0.95899,4.091
0.95919,4.0912
0.95939,4.0915
0.95959,4.0917
0.95979,4.0919
0.95999,4.0921
0.96019,4.0923
0.96039,4.0925
0.96059,4.0927
0.96079,4.0929
0.96099,4.0931
0.96119,4.0933
0.96139,4.0935
0.96159,4.0937
0.96179,4.0939
0.96199,4.0942
0.96219,4.0944
0.96239,4.0945
0.96259,4.0948
0.96279,4.095
0.96299,4.0952
0.96319,4.0954
0.96339,4.0957
0.96359,4.0959
0.96379,4.0961
0.96399,4.0963
0.96419,4.0965
0.96439,4.0967
0.96459,4.097
0.96479,4.0972
0.96499,4.0974
0.96519,4.0976
0.96539,4.0978
0.96559,4.0981
0.96579,4.0983
0.96599,4.0985
0.96619,4.0987
0.96639,4.099
0.96659,4.0992
0.96679,4.0994
0.96699,4.0997
0.96719,4.0999
0.96739,4.1001
0.96759,4.1003
0.96779,4.1006
0.96799,4.1008
0.96819,4.101
0.96839,4.1013
0.96859,4.1015
0.96879,4.1017
0.96899,4.102
0.96919,4.1023
0.96939,4.1025
0.96959,4.1027
0.96979,4.103
0.96999,4.1032
0.97019,4.1034
0.97039,4.1037
0.97059,4.1039
0.97079,4.1042
0.97099,4.1044
0.97119,4.1047
0.97139,4.1049
0.97159,4.1052
0.97179,4.1055
0.97199,4.1057
0.97219,4.106
0.97239,4.1062
0.97259,4.1065
0.97279,4.1067
0.97299,4.107
0.97319,4.1072
0.97339,4.1075
0.97359,4.1078
0.97379,4.108
0.97399,4.1083
0.97419,4.1086
0.97439,4.1089
0.97459,4.1091
0.97479,4.1094
0.97499,4.1097
0.9752,4.1099
0.9754,4.1102
0.9756,4.1105
0.9758,4.1108
0.976,4.111
0.9762,4.1113
0.9764,4.1116
0.9766,4.1119
0.9768,4.1122
0.977,4.1124
0.9772,4.1127
0.9774,4.113
0.9776,4.1133
0.9778,4.1136
0.978,4.1139
0.9782,4.1142
0.9784,4.1145
0.9786,4.1148
0.9788,4.1151
0.979,4.1154
0.9792,4.1157
0.9794,4.116
0.9796,4.1163
0.9798,4.1166
0.98,4.1169
0.9802,4.1172
0.9804,4.1175
0.9806,4.1178
0.9808,4.1182
0.981,4.1185
0.9812,4.1188
0.9814,4.1191
0.9816,4.1194
0.9818,4.1198
0.982,4.1201
0.9822,4.1204
0.9824,4.1207
0.9826,4.1211
0.9828,4.1215
0.983,4.1218
0.9832,4.1222
0.9834,4.1225
0.9836,4.1228
0.9838,4.1232
0.984,4.1235
0.9842,4.1239
0.9844,4.1242
0.9846,4.1246
0.9848,4.1249
0.985,4.1253
0.9852,4.1257
0.9854,4.1261
0.9856,4.1264
0.9858,4.1268
0.986,4.1272
0.9862,4.1276
0.9864,4.1279
0.9866,4.1283
0.9868,4.1287
0.987,4.1291
0.9872,4.1295
0.9874,4.1299
0.9876,4.1303
0.9878,4.1307
0.988,4.1311
0.9882,4.1315
0.9884,4.1319
0.9886,4.1324
0.9888,4.1328
0.989,4.1332
0.9892,4.1336
0.9894,4.1341
0.9896,4.1345
0.9898,4.135
0.99,4.1354
0.9902,4.1359
0.9904,4.1363
0.9906,4.1368
0.9908,4.1373
0.991,4.1377
0.9912,4.1382
0.9914,4.1387
0.9916,4.1392
0.9918,4.1397
0.992,4.1402
0.9922,4.1407
0.9924,4.1412
0.9926,4.1417
0.9928,4.1422
0.993,4.1428
0.9932,4.1433
0.9934,4.1439
0.9936,4.1444
0.9938,4.145
0.994,4.1456
0.9942,4.1462
0.9944,4.1468
0.9946,4.1474
0.9948,4.148
0.995,4.1486
0.9952,4.1493
0.9954,4.1499
0.9956,4.1506
0.9958,4.1513
0.996,4.152
0.9962,4.1527
0.9964,4.1534
0.9966,4.1542
0.9968,4.155
0.997,4.1558
0.9972,4.1566
0.9974,4.1575
0.9976,4.1584
0.9978,4.1593
0.998,4.1603
0.9982,4.1613
0.9984,4.1624
0.9986,4.1636
0.9988,4.1649
0.999,4.1663
0.9992,4.1678
0.9994,4.1695
0.9996,4.1714
0.9998,4.1737
1,4.1769
